CREATE DATABASE  IF NOT EXISTS `vpibsi` /*!40100 DEFAULT CHARACTER SET latin1 */;
USE `vpibsi`;
-- MySQL dump 10.13  Distrib 5.5.46, for debian-linux-gnu (x86_64)
--
-- Host: 127.0.0.1    Database: vpibsi
-- ------------------------------------------------------
-- Server version	5.5.46-0ubuntu0.14.04.2

/*!40101 SET @OLD_CHARACTER_SET_CLIENT=@@CHARACTER_SET_CLIENT */;
/*!40101 SET @OLD_CHARACTER_SET_RESULTS=@@CHARACTER_SET_RESULTS */;
/*!40101 SET @OLD_COLLATION_CONNECTION=@@COLLATION_CONNECTION */;
/*!40101 SET NAMES utf8 */;
/*!40103 SET @OLD_TIME_ZONE=@@TIME_ZONE */;
/*!40103 SET TIME_ZONE='+00:00' */;
/*!40014 SET @OLD_UNIQUE_CHECKS=@@UNIQUE_CHECKS, UNIQUE_CHECKS=0 */;
/*!40014 SET @OLD_FOREIGN_KEY_CHECKS=@@FOREIGN_KEY_CHECKS, FOREIGN_KEY_CHECKS=0 */;
/*!40101 SET @OLD_SQL_MODE=@@SQL_MODE, SQL_MODE='NO_AUTO_VALUE_ON_ZERO' */;
/*!40111 SET @OLD_SQL_NOTES=@@SQL_NOTES, SQL_NOTES=0 */;

--
-- Table structure for table `estados`
--

DROP TABLE IF EXISTS `estados`;
/*!40101 SET @saved_cs_client     = @@character_set_client */;
/*!40101 SET character_set_client = utf8 */;
CREATE TABLE `estados` (
  `id_estado` bigint(20) NOT NULL,
  `nome` varchar(20) NOT NULL,
  `sigla` char(2) NOT NULL,
  PRIMARY KEY (`id_estado`)
) ENGINE=InnoDB DEFAULT CHARSET=utf8;
/*!40101 SET character_set_client = @saved_cs_client */;

--
-- Dumping data for table `estados`
--

LOCK TABLES `estados` WRITE;
/*!40000 ALTER TABLE `estados` DISABLE KEYS */;
INSERT INTO `estados` VALUES (1,'Acre','AC'),(2,'Alagoas','AL'),(3,'Amapá','AP'),(4,'Amazonas','AM'),(5,'Bahia','BH'),(6,'Ceará','CE'),(7,'Distrito Federal','DF'),(8,'Espírito Santo','ES'),(9,'Goiás','GO'),(10,'Maranhão','MA'),(11,'Mato Grosso','MT'),(12,'Mato Grosso do Sul','MS'),(13,'Minas Gerais','MG'),(14,'Pará','PA'),(15,'Paraíba','PB'),(16,'Paraná','PR'),(17,'Pernambuco','PE'),(18,'Piauí','PI'),(19,'Rio de Janeiro','RJ'),(20,'Rio Grande do Norte','RN'),(21,'Rio Grande Do Sul','RS'),(22,'Rondônia','RO'),(23,'Roraima','RR'),(24,'Santa Catarina','SC'),(25,'São Paulo','SP'),(26,'Sergipe','SE'),(27,'Tocantins','TO');
/*!40000 ALTER TABLE `estados` ENABLE KEYS */;
UNLOCK TABLES;

--
-- Table structure for table `investimentos`
--

DROP TABLE IF EXISTS `investimentos`;
/*!40101 SET @saved_cs_client     = @@character_set_client */;
/*!40101 SET character_set_client = utf8 */;
CREATE TABLE `investimentos` (
  `id_investimento` bigint(20) NOT NULL AUTO_INCREMENT,
  `id_estado` bigint(20) DEFAULT NULL,
  `id_modalidade` bigint(20) DEFAULT NULL,
  `numeroConvenio` int(11) DEFAULT NULL,
  `objetivoConvenio` varchar(10000) DEFAULT NULL,
  `orgaoSuperior` varchar(100) DEFAULT NULL,
  `concedente` varchar(100) DEFAULT NULL,
  `convenente` varchar(100) DEFAULT NULL,
  `publicacao` date DEFAULT NULL,
  `inicioVigencia` date DEFAULT NULL,
  `fimVigencia` date DEFAULT NULL,
  `dataUltimaLiberacao` date DEFAULT NULL,
  `valorConvenio` decimal(15,2) NOT NULL,
  `valorLiberado` decimal(15,2) DEFAULT NULL,
  `valorContraPartida` decimal(15,2) DEFAULT NULL,
  `valorUltimaLiberacao` decimal(15,2) DEFAULT NULL,
  PRIMARY KEY (`id_investimento`),
  KEY `fk_estado` (`id_estado`),
  KEY `fk_modalidade` (`id_modalidade`),
  CONSTRAINT `fk_estado` FOREIGN KEY (`id_estado`) REFERENCES `estados` (`id_estado`),
  CONSTRAINT `fk_modalidade` FOREIGN KEY (`id_modalidade`) REFERENCES `modalidades` (`id_modalidade`)
) ENGINE=InnoDB AUTO_INCREMENT=140 DEFAULT CHARSET=utf8;
/*!40101 SET character_set_client = @saved_cs_client */;

--
-- Dumping data for table `investimentos`
--

LOCK TABLES `investimentos` WRITE;
/*!40000 ALTER TABLE `investimentos` DISABLE KEYS */;
INSERT INTO `investimentos` VALUES (71,25,30,761283,'OBJETIVO GERAL Implementar os Centros Nacionais de Treinamento de Atletismo de Alto Nivel de Uberlandia, Sao Paulo, Rio de Janeiro e Fortaleza, visando a preparacao de atletas para os Jogos Olimpicos Rio 2016, e outros importantes eventos internacionais no ciclo 20112016.','MINISTERIO DO ESPORTE','SUBSECRET.DE PLANEJ. ORCAM. E ADMINISTRACAO ','CONFEDERACAO BRASILEIRA DE ATLETISMO ','2012-01-02','2011-12-23','2015-12-31','2015-09-25',13032000.00,13032000.00,269422.00,2558400.00),(72,7,30,751778,'Viabilizar a adequada preparacao da Selecao Paraolimpica Permanente de Atletismo por meio da realizacao de diferentes fases de treinamentos nacionais e intercambios internacionais, visando uma participacao de excelencia nos Jogos Paraolimpicos de Londres 2012 e principalmente no Rio 2016.','MINISTERIO DO ESPORTE','SUBSECRET.DE PLANEJ. ORCAM. E ADMINISTRACAO ','COMITE PARAOLIMPICO BRASILEIRO ','2011-01-17','2010-12-31','2012-07-31','2011-05-12',1345882.08,1345882.08,21182.00,1345882.08),(73,7,31,751780,'Gestao, operacao, manutencao e equipamentos do Centro de Treinamento de Badminton na Vila Militar de Deodoro, na cidade do Rio de JaneiroRJ, com a finalidade de prover infraestrutura necessaria ao desenvolvimento de acoes que promovam o treinamento e pratica do badminton e inclusao social das comunidades do entorno.\n','MINISTERIO DO ESPORTE','SUBSECRET.DE PLANEJ. ORCAM. E ADMINISTRACAO ','CONFEDERACAO BRASILEIRA DE BADMINTON ','2011-01-12','2010-12-30','2014-08-29','2011-09-15',2816698.16,664153.36,54992.00,664153.36),(74,19,32,778137,'Preparacao dos atletas da equipe masculina da Selecao Brasileira de Basquetebol Adulta.','MINISTERIO DO ESPORTE','SUBSECRET.DE PLANEJ. ORCAM. E ADMINISTRACAO ','CONFEDERACAO BRASILEIRA DE BASKETBALL','2013-01-09','2012-12-28','2014-10-30','2013-10-03',2871774.04,2871774.04,44853.49,2334660.64),(75,19,32,778129,'Preparacao dos atletas da equipe masculina da Selecao Brasileira de Desenvolvimento de Basquetebol Sub19.\n','MINISTERIO DO ESPORTE','SUBSECRET.DE PLANEJ. ORCAM. E ADMINISTRACAO ','CONFEDERACAO BRASILEIRA DE BASKETBALL','2013-01-09','2012-12-26','2014-01-31','2013-02-01',848268.79,848268.79,19200.00,848268.79),(76,19,32,778073,'Preparacao das atletas da equipe feminina da Selecao Brasileira de Desenvolvimento de Basquetebol Sub19.','MINISTERIO DO ESPORTE','SUBSECRET.DE PLANEJ. ORCAM. E ADMINISTRACAO ','CONFEDERACAO BRASILEIRA DE BASKETBALL','2013-01-08','2012-12-26','2013-10-01','2013-02-01',2801222.00,2801222.00,43000.00,2801222.00),(77,19,32,777907,'Locacao do software de estatistica de jogo Synergy e o desenvolvimento de uma ferramenta online que permita o controle da carga de treinamento dos atletas selecionaveis ligados a Confederacao Brasileira de Basketball (CBB), visando os Jogos Olimpicos de 2016 no Rio de Janeiro.','MINISTERIO DO ESPORTE','SUBSECRET.DE PLANEJ. ORCAM. E ADMINISTRACAO ','CONFEDERACAO BRASILEIRA DE BASKETBALL','2013-01-11','2012-12-28','2014-07-10','2013-04-24',314615.00,314615.00,4835.00,314615.00),(78,19,32,777901,'Preparacao das atletas da equipe feminina da Selecao Brasileira de Desenvolvimento de Basquetebol Adulta.','MINISTERIO DO ESPORTE','SUBSECRET.DE PLANEJ. ORCAM. E ADMINISTRACAO ','CONFEDERACAO BRASILEIRA DE BASKETBALL','2013-01-08','2012-12-26','2015-08-08','2014-06-03',5092960.32,5092960.32,81480.00,2618973.32),(79,19,32,776485,'Realizacao de 08 (oito) Cursos de formacao e certificacao de treinadores de basquetebol pela Escola Nacional de Treinadores de Basquetebol (ENTB).\n','MINISTERIO DO ESPORTE','SUBSECRET.DE PLANEJ. ORCAM. E ADMINISTRACAO ','CONFEDERACAO BRASILEIRA DE BASKETBALL','2013-01-07','2012-12-21','2014-02-21','2013-04-24',248905.78,248905.78,4060.00,248905.78),(80,19,32,752279,'Preparacao dos atletas da equipe masculina Sub19 da Selecao Brasileira de basquetebol, propiciando as melhores condicoes possiveis.\n','MINISTERIO DO ESPORTE','SUBSECRET.DE PLANEJ. ORCAM. E ADMINISTRACAO ','CONFEDERACAO BRASILEIRA DE BASKETBALL','2011-01-12','2010-12-28','2011-10-25','2011-03-28',991910.35,991910.35,406000.00,991910.35),(81,19,32,751777,'Preparacao das atletas da equipe feminina Sub19 da Selecao Brasileira de basquetebol, oferecendo as melhores condicoes possiveis.\n','MINISTERIO DO ESPORTE','SUBSECRET.DE PLANEJ. ORCAM. E ADMINISTRACAO ','CONFEDERACAO BRASILEIRA DE BASKETBALL','2011-01-12','2010-12-30','2011-10-31','2011-03-31',1127445.43,1127445.43,385000.00,1127445.43),(82,16,33,752247,'Custeio das despesas necessarias para a implementacao e estruturacao de 3 Centros de Treinamento de Canoagem Velocidade (Caxias do SulRS, Rio de JaneiroRJ e Sao Bernardo do CampoSP) e de 4 Centros de Desenvolvimento de Canoagem Slalom (Foz do IguacuPR, MacaeRJ, PirajuSP e Primavera do LesteMT), visando a preparacao das Selecoes Brasileiras de Canoagem Velocidade e Canoagem Slalom para os Jogos Olimpic\n','MINISTERIO DO ESPORTE','SUBSECRET.DE PLANEJ. ORCAM. E ADMINISTRACAO ','CONFEDERACAO BRASILEIRA DE CANOAGEM','2010-12-31','2010-12-30','2013-02-05','2011-04-08',2112041.92,2112041.92,32500.00,2112041.92),(83,16,34,751774,'Prepararacao da equipe brasileira de ciclismo BMX para os Jogos Olimpicos Rio 2016, por meio da participacao em eventos classificatorios e acampamentos de treinamento.','MINISTERIO DO ESPORTE','SUBSECRET.DE PLANEJ. ORCAM. E ADMINISTRACAO ','CONFEDERACAO BRASILEIRA DE CICLISMO','2010-12-31','2010-12-30','2012-04-07','2011-04-07',876540.94,876540.94,15000.00,876540.94),(84,16,34,751771,'PREPARACAO DA EQUIPE BRASILEIRA DE CICLISMO DE PISTA PARA OS JOGOS OLIMPICOS DO RIO DE JANEIRO EM 2016, POR MEIO DA PARTICIPACAO EM EVENTOS ESPORTIVOS NACIONAIS E INTERNACIONAIS E TREINAMENTO ESPECIALIZADO.\n','MINISTERIO DO ESPORTE','SUBSECRET.DE PLANEJ. ORCAM. E ADMINISTRACAO ','CONFEDERACAO BRASILEIRA DE CICLISMO','2011-01-13','2010-12-29','2012-04-02','2011-04-01',1319200.64,1319200.64,62400.00,1319200.64),(85,16,34,751631,'Atualizar a infraestrutura do ciclismo na area de equipamentos, com a aquisicao de bicicletas de velocidade e capacetes para ciclismo de estrada.','MINISTERIO DO ESPORTE','SUBSECRET.DE PLANEJ. ORCAM. E ADMINISTRACAO ','CONFEDERACAO BRASILEIRA DE CICLISMO','2011-01-07','2010-12-30','2012-02-08','2011-05-13',512500.80,512500.80,8580.00,512500.80),(86,19,35,778122,'Preparacao de 9 atletas brasileiros DE ESGRIMA, por meio da realizacao de intercambio/treinamento na Italia e Ucrania,durante 8 meses,e a participacao em competicoes internacionais no ano de 2013, visando a participacao de excelencia nos Jogos Olimpicos de 2016.\n','MINISTERIO DO ESPORTE','SUBSECRET.DE PLANEJ. ORCAM. E ADMINISTRACAO ','CONFEDERACAO BRASILEIRA DE ESGRIMA ','2013-01-11','2012-12-31','2015-02-16','2013-02-07',1101702.21,1101702.21,17000.00,1101702.21),(87,19,35,761299,'Objeto do Projeto : Modernizacao da infraestrutura de equipamentos e de materiais para treinamentos e realizacao de competicoes de Esgrima e participacao , visando a preparacao de atletas para os Jogos Olimpicos Rio 2016.','MINISTERIO DO ESPORTE','SUBSECRET.DE PLANEJ. ORCAM. E ADMINISTRACAO ','CONFEDERACAO BRASILEIRA DE ESGRIMA ','2012-01-02','2011-12-29','2013-04-24','2012-04-24',1292240.00,1292240.00,28480.00,1292240.00),(88,7,36,751775,'Viabilizar o Comite Paraolimpico Brasileiro na adequada preparacao da Selecao Paraolimpica Permanente de Futebol de 5 atraves da realizacao de diferentes fases de treinamentos nacionais, visando uma participacao de excelencia nos Jogos Paraolimpicos de Londres 2012 e principalmente no Rio 2016.','MINISTERIO DO ESPORTE','SUBSECRET.DE PLANEJ. ORCAM. E ADMINISTRACAO ','COMITE PARAOLIMPICO BRASILEIRO ','2010-12-31','2010-12-30','2012-08-09','2011-05-12',723237.28,723237.28,11410.00,723237.28),(89,26,37,776542,'Preparacao das Selecoes Brasileiras de Ginastica Ritmica de Conjunto e Individual, visando aparticipacao de excelencia, nos Jogos Olimpicos do Rio de Janeiro em 2016.\n','MINISTERIO DO ESPORTE','SUBSECRET.DE PLANEJ. ORCAM. E ADMINISTRACAO ','CONFEDERACAO BRASILEIRA DE GINASTICA ','2013-01-14','2012-12-31','2016-09-30','2013-02-07',859103.48,859103.48,17532.72,859103.48),(90,26,37,751781,'Aquisicao de Aparelhos Oficiais para Ginastica Artistica Masculina e Feminina;Aquisicao de Aparelhos Oficiais para Ginastica Ritmica;Aquisicao de Aparelhos Oficiais para a Ginastica de Trampolim;','MINISTERIO DO ESPORTE','SUBSECRET.DE PLANEJ. ORCAM. E ADMINISTRACAO ','CONFEDERACAO BRASILEIRA DE GINASTICA ','2011-01-17','2010-12-28','2015-10-03','2011-07-13',7214804.46,7214804.46,139331.00,1993413.80),(91,7,38,755699,'Viabilizar o Comite Paraolimpico Brasileiro na adequada preparacao da Selecao Paraolimpica Permanente de Goalball atraves da realizacao de diferentes fases de treinamentos nacionais, visando uma participacao de excelencia nos Jogos Paraolimpicos de Londres 2012 e principalmente no Rio 2016.','MINISTERIO DO ESPORTE','SUBSECRET.DE PLANEJ. ORCAM. E ADMINISTRACAO ','COMITE PARAOLIMPICO BRASILEIRO ','2011-08-18','2011-08-08','2012-05-10','2011-09-12',876541.55,876541.55,14180.50,876541.55),(92,26,39,761290,'Preparacao da SELECAO OLIMPICA FEMININA PERMANENTE DE HANDEBOL para os jogos Olimpicos Rio 2016','MINISTERIO DO ESPORTE','SUBSECRET.DE PLANEJ. ORCAM. E ADMINISTRACAO ','CONFEDERACAO BRASILEIRA DE HANDEBOL','2012-01-04','2011-12-30','2016-01-31','2012-05-10',5408960.00,5408960.00,88000.00,5408960.00),(93,26,39,752190,'Implantar a selecao permanente de handebol feminino, por meio de treinamentos, participacao em competicoes internacionais, com equipe de apoio multidisciplinar, como preparacao para os Jogos Olimpicos Rio 2016.\n','MINISTERIO DO ESPORTE','SUBSECRET.DE PLANEJ. ORCAM. E ADMINISTRACAO ','CONFEDERACAO BRASILEIRA DE HANDEBOL','2011-01-17','2010-12-31','2012-04-30','2011-04-29',2206167.20,2206167.20,36624.00,2206167.20),(94,26,39,752189,'Implantar a selecao permanente de handebol masculino, por meio de treinamentos, participacao em competicoes internacionais, com equipe de apoio multidisciplinar, como preparacao para os Jogos Olimpicos Rio 2016.','MINISTERIO DO ESPORTE','SUBSECRET.DE PLANEJ. ORCAM. E ADMINISTRACAO ','CONFEDERACAO BRASILEIRA DE HANDEBOL','2011-01-14','2010-12-30','2012-06-20','2011-06-20',1860248.00,1860248.00,30520.00,1860248.00),(95,19,40,778134,'O objeto do convenio e financiar o primeiro ano de preparacao da selecao brasileira permanente da modalidade Adestramento para os Jogos Olimpicos de 2016','MINISTERIO DO ESPORTE','SUBSECRET.DE PLANEJ. ORCAM. E ADMINISTRACAO ','CONFEDERACAO BRASILEIRA DE HIPISMO ','2013-01-11','2012-12-26','2014-12-31','2013-05-13',2993569.71,2993569.71,45587.36,2993569.71),(96,19,40,777904,'O objeto do convenio e financiar o primeiro ano de preparacao da selecao brasileira permanente da modalidade SALTOS para os Jogos Olimpicos de 2016.\n','MINISTERIO DO ESPORTE','SUBSECRET.DE PLANEJ. ORCAM. E ADMINISTRACAO ','CONFEDERACAO BRASILEIRA DE HIPISMO ','2013-01-11','2012-12-26','2014-12-31','2013-04-26',1659294.32,1659294.32,25268.44,1659294.32),(97,19,40,777902,'O objeto do convenio e financiar o primeiro ano de preparacao da selecao brasileira permanente da modalidade concurso completo de equitacao (CCE).\n','MINISTERIO DO ESPORTE','SUBSECRET.DE PLANEJ. ORCAM. E ADMINISTRACAO ','CONFEDERACAO BRASILEIRA DE HIPISMO ','2013-01-09','2012-12-26','2014-12-31','2013-04-24',1842013.74,1842013.74,28050.97,1842013.74),(98,7,40,751952,'Viabilizar o Comite Paraolimpico Brasileiro na adequada preparacao da Selecao Paraolimpica Permanente de Hipismo atraves da realizacao de diferentes fases de treinamentos nacionais e intercambios internacionais, visando uma participacao de excelencia nos Jogos Paraolimpicos de Londres 2012 e principalmente no Rio 2016.\n','MINISTERIO DO ESPORTE','SUBSECRET.DE PLANEJ. ORCAM. E ADMINISTRACAO ','COMITE PARAOLIMPICO BRASILEIRO ','2010-12-31','2010-12-21','2012-04-25','2011-04-27',207358.52,207358.52,3400.00,207358.52),(99,19,41,751769,'O Objeto do projeto e a preparacao dos atletas das selecoes nacionais de hoquei sobre a grama atraves de treinamentos, intercambio nacional e participacoes em competicoes internacionais.\n','MINISTERIO DO ESPORTE','SUBSECRET.DE PLANEJ. ORCAM. E ADMINISTRACAO ','CONFEDERACAO BRASILEIRA DE HOQUEI SOBRE A GRAMA E INDOOR ','2011-01-17','2010-12-31','2012-08-12','2011-07-20',1195650.00,1195650.00,36000.00,1195650.00),(100,19,42,777893,'Contratacao de Comissao Tecnica Multidisciplinar da Selecao Olimpica Permanente de Judo Masculina e Feminina em busca de MedalhasRio 2016.','MINISTERIO DO ESPORTE','SUBSECRET.DE PLANEJ. ORCAM. E ADMINISTRACAO ','CONFEDERACAO BRASILEIRA DE JUDO','2013-01-09','2012-12-31','2015-12-31','2013-04-26',2975000.00,2975000.00,55000.00,1685000.00),(101,19,42,777892,'Preparacao das Selecoes de BaseRio 2016','MINISTERIO DO ESPORTE','SUBSECRET.DE PLANEJ. ORCAM. E ADMINISTRACAO ','CONFEDERACAO BRASILEIRA DE JUDO','2013-01-11','2012-12-24','2015-04-30','2013-07-05',3414379.58,3414379.58,60000.00,1707189.79),(102,7,42,752298,'Viabilizar o Comite Paraolimpico Brasileiro na adequada preparacao da Selecao Paraolimpica Permanente de judo atraves da realizacao de diferentes fases de treinamentos nacionais, visando uma participacao de excelencia nos Jogos Paraolimpicos de Londres 2012 e principalmente no Rio 2016.','MINISTERIO DO ESPORTE','SUBSECRET.DE PLANEJ. ORCAM. E ADMINISTRACAO ','COMITE PARAOLIMPICO BRASILEIRO ','2010-12-31','2010-12-27','2012-05-10','2011-05-12',810391.88,810391.88,12720.95,810391.88),(103,19,42,755940,'Viabilizar a participacao de atletas no Grand Prix Nacional Masculino e Feminino objetivando preparacao para as Olimpiadas RIO/2016.\n','MINISTERIO DO ESPORTE','SUBSECRET.DE PLANEJ. ORCAM. E ADMINISTRACAO ','FEDERACAO DE JUDO DO ESTADO DO RIO JANEIRO ','2011-10-04','2011-09-14','2012-02-24','2011-10-14',379332.00,379332.00,51000.00,379332.00),(104,19,42,750922,'aquisicao de equipamentos para o aprimoramento da modalidade de judo visando as Olimpiadas Rio 2016.\n','MINISTERIO DO ESPORTE','SUBSECRET.DE PLANEJ. ORCAM. E ADMINISTRACAO ','CONFEDERACAO BRASILEIRA DE JUDO','2011-01-13','2010-12-31','2011-12-31','2011-05-26',2621654.40,2621654.40,281710.00,2621654.40),(105,19,43,775275,'IMPLANTACAO DE INFRAESTRUTURA PARA O TREINAMENTO DE ATLETAS DE ALTO RENDIMENTO DA LUTA OLIMPICA NO BRASIL, VISANDO OS JOGOS OLIMPICOS DE 2016.\n','MINISTERIO DO ESPORTE','SUBSECRET.DE PLANEJ. ORCAM. E ADMINISTRACAO ','CBLA  CONFEDERACAO BRASILEIRA DE LUTAS ASSOCIADAS ','2013-01-11','2012-12-21','2014-04-22','2013-05-13',2839500.00,2839500.00,80392.20,2839500.00),(106,19,43,775118,'Viabilizar o projeto Luta por medalhas, que visa a preparacao da equipe brasileira de lutas para os Jogos Olimpicos Rio/2016.','MINISTERIO DO ESPORTE','SUBSECRET.DE PLANEJ. ORCAM. E ADMINISTRACAO ','CBLA  CONFEDERACAO BRASILEIRA DE LUTAS ASSOCIADAS ','2013-01-04','2012-12-20','2015-07-13','2013-05-13',2241000.00,2241000.00,67860.00,2241000.00),(107,19,43,752307,'Viabilizar o Treinamento dos Atletas das Selecoes Brasileiras de Lutas com perspectivas de conquistas de medalhas nos Jogos Olimpicos de 2016','MINISTERIO DO ESPORTE','SUBSECRET.DE PLANEJ. ORCAM. E ADMINISTRACAO ','CBLA  CONFEDERACAO BRASILEIRA DE LUTAS ASSOCIADAS ','2011-01-11','2010-12-31','2012-12-23','2011-05-25',1015188.36,1015188.36,26880.00,1015188.36),(108,7,44,751772,'Viabilizar o Comite Paraolimpico Brasileiro na adequada preparacao da Selecao Paraolimpica Permanente de Natacao atraves da realizacao de diferentes fases de treinamentos nacionais e intercambios internacionais, visando uma participacao de excelencia nos Jogos Paraolimpicos de Londres 2012 e principalmente no Rio 2016.\n','MINISTERIO DO ESPORTE','SUBSECRET.DE PLANEJ. ORCAM. E ADMINISTRACAO ','COMITE PARAOLIMPICO BRASILEIRO ','2011-01-12','2010-12-27','2012-12-01','2011-04-07',1422391.76,1422391.76,24200.00,1422391.76),(109,19,45,777914,'Criar nucleos permanentes de Pentatlo com vista a incentivar os jovens atletasque ja praticam a modalidade com vista abusca declassificacao do maior numero de atletas para o rio 2016, alem, de servir como exemplo de excelenciaaosestados federados a CBPM, visando, assegurar o crescimento continuo e autosustentavel do Pentatlo Moderno brasileiro, na incessante tarefa deaumentar o numero de pessoas/atletas,\n','MINISTERIO DO ESPORTE','SUBSECRET.DE PLANEJ. ORCAM. E ADMINISTRACAO ','CONFEDERACAO BRASILEIRA DE PENTATLO MODERNO','2013-01-11','2012-12-31','2017-03-31','2013-05-24',7876334.93,7876334.93,124803.90,7876334.93),(110,19,45,776589,'Prover a Confederacao Brasileira de Pentatlo Moderno de recursos financeiros que permitam a execucao da 2a Etapa da Copa do Mundo de Pentatlo Moderno 2013, inserida no Calendario Oficial da Federacao Internacional(UIPM). Esta competicao contribuira, certamente, neste inicio de Ciclo Olimpico, para projetar ainda mais o pais no cenario internacional como organizador de eventos esportivos de grande porte, alem de permi\n','MINISTERIO DO ESPORTE','SUBSECRET.DE PLANEJ. ORCAM. E ADMINISTRACAO ','CONFEDERACAO BRASILEIRA DE PENTATLO MODERNO','2013-01-08','2012-12-12','2013-05-29','2013-01-29',1659890.65,1659890.65,25347.72,1659890.65),(111,19,45,760717,'Promover a Confederacao Brasileira de Pentatlo Moderno de recursos financeiros que permitam a execucao da 2a Etapa da Copa do Mundo de Pentatlo Moderno 2012, inserida no Calendario Oficial da Federacao Internacional de Pentatlo Moderno(UIPM). Desta maneira sera possivel difundir o nivel de organizacao desportiva do Brasil junto a comunidade esportiva internacional, permitindo a realizacao de um treinamento para os Jo\n','MINISTERIO DO ESPORTE','SUBSECRET.DE PLANEJ. ORCAM. E ADMINISTRACAO ','CONFEDERACAO BRASILEIRA DE PENTATLO MODERNO','2012-01-02','2011-12-31','2012-04-30','2012-02-06',982995.68,982995.68,16436.00,982995.68),(112,19,46,755882,'Objeto do ProjetoPreparacao das selecoes masculinas e femininas de Polo Aquatico visando as Olimpiadas de 2016.','MINISTERIO DO ESPORTE','SUBSECRET.DE PLANEJ. ORCAM. E ADMINISTRACAO ','CONFEDERACAO BRASILEIRA DE DESPORTOS AQUATICOS ','2011-08-18','2011-07-28','2013-08-31','2011-09-02',1135446.24,1136693.04,17315.00,1136693.04),(113,25,47,761161,'PREPARACAO E ORGANIZACAO DA SELECAO PERMANENTE DE RUGBY NO ALTO RENDIMENTO PARA OS JOGOS OLIMPICOS DE 2016\n','MINISTERIO DO ESPORTE','SUBSECRET.DE PLANEJ. ORCAM. E ADMINISTRACAO ','CONFEDERACAO BRASILEIRA DE RUGBY ','2012-01-02','2011-12-30','2013-04-11','2012-05-10',1025438.11,1025438.11,18000.00,1025438.11),(114,19,48,760939,'Aquisicao de equipamentos esportivos especificos para a modalidade saltos ornamentais para equipar centros de treinamento da CBDA visando a preparacao para as Olimpiadas Rio 2016.','MINISTERIO DO ESPORTE','SUBSECRET.DE PLANEJ. ORCAM. E ADMINISTRACAO ','CONFEDERACAO BRASILEIRA DE DESPORTOS AQUATICOS ','2012-01-02','2011-12-30','2013-03-29','2012-04-24',1196000.00,1196000.00,19073.49,1196000.00),(115,19,49,761166,'Objeto do Projeto:Modernizacao da infraestrutura de equipamentos e materiais para realizacao de treinamentos e competicoes visando a preparacao dos atletas para os Jogos rio 2016.','MINISTERIO DO ESPORTE','SUBSECRET.DE PLANEJ. ORCAM. E ADMINISTRACAO ','CONFEDERACAO BRASILEIRA DE TAEKWONDO ','2011-12-30','2011-12-30','2013-08-26','2012-04-24',3082350.00,3082350.00,62904.00,3082350.00),(116,25,50,755461,'Realizar um Programa de treinamento multidisciplinar visando a preparacao de atletas para as Olimpiadas do Rio 2016','MINISTERIO DO ESPORTE','SUBSECRET.DE PLANEJ. ORCAM. E ADMINISTRACAO ','CONFEDERACAO BRASILEIRA DE TENIS ','2011-08-11','2011-08-09','2012-08-22','2011-08-22',2018865.30,2018865.30,31102.05,2018865.30),(117,19,51,778138,'Participacao em Competicoes Internacionais e Treinamentos de Alto Rendimento da Selecao Brasileira de Tenis de Mesa visando a classificacao nos Jogos Olimpicos Rio 2016.','MINISTERIO DO ESPORTE','SUBSECRET.DE PLANEJ. ORCAM. E ADMINISTRACAO ','CONFEDERACAO BRASILEIRA DE TENIS DE MESA ','2013-01-11','2012-12-31','2015-12-30','2014-10-22',3493047.44,3493047.44,60000.00,1547287.31),(118,19,51,777876,'Preparacao de atletas Olimpicos de Tenis de Mesa de alto rendimento para participacao nos Jogos Olimpicos Rio 2016\n','MINISTERIO DO ESPORTE','SUBSECRET.DE PLANEJ. ORCAM. E ADMINISTRACAO ','CONFEDERACAO BRASILEIRA DE TENIS DE MESA ','2013-01-10','2012-12-31','2016-09-20','2014-10-22',3001861.08,1789460.82,51808.10,693497.28),(119,19,51,776456,'Participacao em Competicoes Internacionais de Alto rendimento da Selecao Brasileira Paralimpica de Tenis de Mesa visando a participacao nos Jogos Paralimpicos Rio 2016','MINISTERIO DO ESPORTE','SUBSECRET.DE PLANEJ. ORCAM. E ADMINISTRACAO ','CONFEDERACAO BRASILEIRA DE TENIS DE MESA ','2013-01-10','2012-12-31','2015-12-30','2013-04-23',1496846.39,1496846.39,24000.00,1496846.39),(120,19,51,777907,'Locacao do software de estatistica de jogo Synergy e o desenvolvimento de uma ferramenta online que permita o controle da carga de treinamento dos atletas selecionaveis ligados a Confederacao Brasileira de Basketball (CBB), visando os Jogos Olimpicos de 2016 no Rio de Janeiro.','MINISTERIO DO ESPORTE','SUBSECRET.DE PLANEJ. ORCAM. E ADMINISTRACAO ','CONFEDERACAO BRASILEIRA DE BASKETBALL','2013-01-11','2012-12-28','2014-07-10','2013-04-24',314615.00,314615.00,4835.00,314615.00),(121,19,51,751770,'Realizacao de Treinamentos de Tenis de Mesa Paraolimpico no Brasil e Participacao em Competicoes Internacionais, visando os Jogos Olimpicos de 2016','MINISTERIO DO ESPORTE','SUBSECRET.DE PLANEJ. ORCAM. E ADMINISTRACAO ','CONFEDERACAO BRASILEIRA DE TENIS DE MESA ','2011-01-11','2010-12-30','2012-08-08','2011-05-13',948609.22,948609.22,18909.12,948609.22),(122,19,51,751711,'Realizar Treinamentos de Tenis de Mesa no Brasil e no Exterior, visando os Jogos Olimpicos de 2016\n','MINISTERIO DO ESPORTE','SUBSECRET.DE PLANEJ. ORCAM. E ADMINISTRACAO ','CONFEDERACAO BRASILEIRA DE TENIS DE MESA ','2011-01-14','2010-12-31','2012-08-08','2011-05-13',1419610.36,1419610.36,22200.00,1419610.36),(123,19,52,777082,'Garantir a participacao dos atletas nas competicoes mundiais: Archery World Cup Stage 1, 2, 3, 4, final e na World Archery Youth Championship, visando a preparacao e qualificacao dos atletas para os Jogos Olimpicos Rio 2016.\n','MINISTERIO DO ESPORTE','SUBSECRET.DE PLANEJ. ORCAM. E ADMINISTRACAO ','CONFEDERACAO BRASILEIRA DE TIRO COM ARCO ','2013-01-07','2012-12-20','2014-11-03','2014-10-22',543408.25,543408.25,9704.31,120080.84),(124,19,52,776541,'Modernizacao da infraestrutura de equipamentos e materiais esportivos, visando a preparacao da selecao brasileira de Tiro com Arco para as Olimpiadas de 2016 no Rio de Janeiro.\n','MINISTERIO DO ESPORTE','SUBSECRET.DE PLANEJ. ORCAM. E ADMINISTRACAO ','CONFEDERACAO BRASILEIRA DE TIRO COM ARCO ','2013-01-07','2012-12-20','2014-12-12','2013-04-23',1184234.75,1184234.75,20400.00,1184234.75),(125,19,52,761297,'Objeto do Projeto: Modernizacao da infraestrutura de equipamentos e de materiais para treinamentos e realizacao de competicoe de tiro com arco e participacao , visando a preparacao de atletas para os Jogos Olmpicos Rio 2016.\n','MINISTERIO DO ESPORTE','SUBSECRET.DE PLANEJ. ORCAM. E ADMINISTRACAO ','CONFEDERACAO BRASILEIRA DE TIRO COM ARCO ','2012-01-02','2011-12-30','2013-08-20','2012-04-19',950907.93,950907.93,19008.00,950907.93),(126,19,53,778135,'Preparacao da Selecao Olimpica de Tiro Esportivo para 2016 no Centro Nacional de Tiro EsportivoCNTE, Rio de Janeiro. Destinase ao preparo dos atletas da Selecao para 2016, a disponibilizacao de comissao multidisciplinar e equipe tecnica e equipe operacional para atender aos atletas do Tiro Esportivo.\n','MINISTERIO DO ESPORTE','SUBSECRET.DE PLANEJ. ORCAM. E ADMINISTRACAO ','CONFEDERACAO BRASILEIRA DE TIRO ESPORTIVO','2013-01-11','2012-12-31','2016-03-14','2015-01-14',2532060.00,2532060.00,40500.00,1259280.00),(127,7,53,752255,'Viabilizar o Comite Paraolimpico Brasileiro na adequada preparacao da Selecao Paraolimpica Permanente de Tiro Esportivo atraves da realizacao de diferentes fases de treinamentos nacionais e intercambios internacionais e da aquisicao de equipamentos necessarios a alta performance na pratica esportiva visando uma participacao de excelencia nos Jogos Paraolimpicos de Londres em 2012 e do Rio de Janeiro em 2016.','MINISTERIO DO ESPORTE','SUBSECRET.DE PLANEJ. ORCAM. E ADMINISTRACAO ','COMITE PARAOLIMPICO BRASILEIRO ','2011-01-11','2010-12-27','2012-05-11','2011-05-12',426511.04,426511.04,7600.00,426511.04),(128,19,53,751718,'Preparao da Seleo Olmpica de Tiro Esportivo para 2016 com estruturao do Centro Nacional de Tiro EsportivoCNTE. O Convnio destinaseimplementao do Centro Nacional de Tiro EsportivoCNTE , comisso multidisciplinar epreparao de atletas da Seleo para 2016.\n','MINISTERIO DO ESPORTE','SUBSECRET.DE PLANEJ. ORCAM. E ADMINISTRACAO ','CONFEDERACAO BRASILEIRA DE TIRO ESPORTIVO','2011-01-13','2010-12-29','2013-12-28','2012-05-29',1509562.39,1509562.39,38880.00,360720.00),(129,19,54,778126,'Realizacao dos Campeonatos Brasileiros de Selecoes Estaduais de Volei de Praia\n','MINISTERIO DO ESPORTE','SUBSECRET.DE PLANEJ. ORCAM. E ADMINISTRACAO ','CONFEDERACAO BRASILEIRA DE VOLEIBOL','2013-01-11','2012-12-31','2015-03-15','2014-07-01',4042568.86,4042568.86,71232.00,1113760.30),(130,19,54,778121,'Preparacao das Selecoes Brasileiras Sub 19 e Sub 21 de Volei de Praia, visando os Jogos Olimpicos de 2016 e 2020.','MINISTERIO DO ESPORTE','SUBSECRET.DE PLANEJ. ORCAM. E ADMINISTRACAO ','CONFEDERACAO BRASILEIRA DE VOLEIBOL','2013-01-07','2012-12-20','2014-02-17','2013-04-26',1767246.98,1767246.98,34100.90,1274914.48),(131,19,54,777900,'Preparacao das Selecoes Brasileiras Adultas de Volei de Praia, para o ano de 20122013,','MINISTERIO DO ESPORTE','SUBSECRET.DE PLANEJ. ORCAM. E ADMINISTRACAO ','CONFEDERACAO BRASILEIRA DE VOLEIBOL','2013-01-09','2012-12-24','2014-06-11','2013-09-04',8852324.15,8852324.15,138787.90,6461071.97),(132,19,54,776592,'REALIZACAO DO CAMPEONATO BRASILEIRO DE SELECOES ESTADUAIS2012/2013','MINISTERIO DO ESPORTE','SUBSECRET.DE PLANEJ. ORCAM. E ADMINISTRACAO ','CONFEDERACAO BRASILEIRA DE VOLEIBOL','2013-01-07','2012-12-20','2014-01-03','2013-07-30',4678224.28,4678224.28,71707.20,2349844.32),(133,19,54,776591,'Treinamento das Selecoes Brasileiras de Voleibol em atividades nacionais e internacionais nas categorias infantil, infantojuvenil e juvenil.','MINISTERIO DO ESPORTE','SUBSECRET.DE PLANEJ. ORCAM. E ADMINISTRACAO ','CONFEDERACAO BRASILEIRA DE VOLEIBOL','2013-01-03','2012-12-20','2014-05-11','2013-10-03',5521060.13,5521060.13,508321.20,1247430.81),(134,19,54,761160,'preparacao das Selecoes Brasileiras Adultas de Volei de Praia, para classificacao e participacao nos Jogos Olimpicos de Londres','MINISTERIO DO ESPORTE','SUBSECRET.DE PLANEJ. ORCAM. E ADMINISTRACAO ','CONFEDERACAO BRASILEIRA DE VOLEIBOL','2012-01-02','2011-12-31','2012-12-04','2012-06-12',3473635.11,3473635.11,55100.00,1783554.33),(135,19,54,761159,'Preparacao das Selecoes Brasileiras Sub 19 e Sub 21 de Volei de Praia, visandoos Jogos Olimpicos de 2016 e 2020.\n','MINISTERIO DO ESPORTE','SUBSECRET.DE PLANEJ. ORCAM. E ADMINISTRACAO ','CONFEDERACAO BRASILEIRA DE VOLEIBOL','2012-01-02','2011-12-31','2013-04-10','2012-06-29',1455383.14,1137052.10,22176.00,880779.98),(136,19,54,760936,'Realizacao do Campeonato Brasileiro de Selecoes Estaduais 2012,\n','MINISTERIO DO ESPORTE','SUBSECRET.DE PLANEJ. ORCAM. E ADMINISTRACAO ','CONFEDERACAO BRASILEIRA DE VOLEIBOL','2012-01-02','2011-12-31','2012-12-04','2012-07-03',3253573.74,3277610.34,50400.00,2507457.00),(137,19,54,752251,'Recursos para treinamento e participacoes em competicoes internacionais classificatorias para os Jogos Olimpicos de Londres2012, das Selecoes Brasileiras Adultas Masculinas e Femininas de Volei de Praia.\n','MINISTERIO DO ESPORTE','SUBSECRET.DE PLANEJ. ORCAM. E ADMINISTRACAO ','CONFEDERACAO BRASILEIRA DE VOLEIBOL','2011-01-20','2010-12-31','2012-04-21','2011-07-01',4759826.24,4332785.10,94300.00,2861782.67),(138,19,54,751951,'Recursos paratreinamento das selecoes brasileiras de voleibol em atividades nacionais e internacionais\n','MINISTERIO DO ESPORTE','SUBSECRET.DE PLANEJ. ORCAM. E ADMINISTRACAO ','CONFEDERACAO BRASILEIRA DE VOLEIBOL','2011-01-11','2010-12-31','2012-05-27','2011-07-01',2490057.72,2362678.40,37976.00,1582532.96),(139,25,55,751950,'Preparar os atletas de maior destaque no pais, viabilizando condicao de suporte e treinamento, atraves das fases de treinamento para compor as selecoes paraolimpicas na modalidade de Voleibol Sentado, visando os Jogos Paraolimpicos Rio 2016.','MINISTERIO DO ESPORTE','SUBSECRET.DE PLANEJ. ORCAM. E ADMINISTRACAO ','ASSOCIACAO BRASILEIRA DE VOLEIBOL PARAOLIMPICO ','2011-01-04','2010-12-30','2012-05-13','2011-05-16',784670.00,784670.00,15340.00,784670.00);
/*!40000 ALTER TABLE `investimentos` ENABLE KEYS */;
UNLOCK TABLES;

--
-- Table structure for table `modalidades`
--

DROP TABLE IF EXISTS `modalidades`;
/*!40101 SET @saved_cs_client     = @@character_set_client */;
/*!40101 SET character_set_client = utf8 */;
CREATE TABLE `modalidades` (
  `id_modalidade` bigint(20) NOT NULL AUTO_INCREMENT,
  `nome` varchar(50) NOT NULL,
  `introducao` varchar(20000) NOT NULL,
  PRIMARY KEY (`id_modalidade`)
) ENGINE=InnoDB AUTO_INCREMENT=56 DEFAULT CHARSET=utf8;
/*!40101 SET character_set_client = @saved_cs_client */;

--
-- Dumping data for table `modalidades`
--

LOCK TABLES `modalidades` WRITE;
/*!40000 ALTER TABLE `modalidades` DISABLE KEYS */;
INSERT INTO `modalidades` VALUES (30,'Atletismo','<p>O <b>atletismo</b> é um <a href=\"/wiki/Conjunto\" title=\"Conjunto\">conjunto</a> de esportes constituído por três modalidades: corrida, lançamentos e saltos. De modo geral, o atletismo é praticado em <a href=\"/wiki/Est%C3%A1dio\" title=\"Estádio\">estádios</a>, com exceção de algumas corridas de longa distância, praticadas em vias públicas ou no <a href=\"/wiki/Campo\" title=\"Campo\" class=\"mw-disambig\">campo</a>, como a <a href=\"/wiki/Maratona\" title=\"Maratona\">maratona</a>.<sup id=\"cite_ref-1\" class=\"reference\"><a href=\"#cite_note-1\"><span>[</span>1<span>]</span></a></sup> <sup id=\"cite_ref-2\" class=\"reference\"><a href=\"#cite_note-2\"><span>[</span>2<span>]</span></a></sup> <sup id=\"cite_ref-3\" class=\"reference\"><a href=\"#cite_note-3\"><span>[</span>3<span>]</span></a></sup></p>\n<p>O romano <a href=\"/wiki/Juvenal\" title=\"Juvenal\">Juvenal</a> sintetizou na expressão “<i>mens sana in corpore sano</i>”� a própria filosofia do esporte.</p>\n<p></p>\n'),(31,'Badminton','<p><br /></p>\n<table align=\"center\" class=\"noprint\" style=\"width:80%; margin:0 auto; border-collapse:collapse; background: #fbfbfb; border: 1px solid #aaa; border-left: 10px solid #f4c430;\">\n<tr>\n<td width=\"8%\" align=\"center\">\n<div style=\"width:52px;\">\n<div class=\"center\">\n<div class=\"floatnone\"><a href=\"/wiki/Ficheiro:NoFonti.svg\" class=\"image\"><img alt=\"NoFonti.svg\" src=\"//upload.wikimedia.org/wikipedia/commons/thumb/b/b5/NoFonti.svg/40px-NoFonti.svg.png\" width=\"40\" height=\"40\" srcset=\"//upload.wikimedia.org/wikipedia/commons/thumb/b/b5/NoFonti.svg/60px-NoFonti.svg.png 1.5x, //upload.wikimedia.org/wikipedia/commons/thumb/b/b5/NoFonti.svg/80px-NoFonti.svg.png 2x\" data-file-width=\"48\" data-file-height=\"48\" /></a></div>\n</div>\n</div>\n</td>\n<td width=\"91%\">Este artigo ou se(c)ção <b>cita <a href=\"/wiki/Wikip%C3%A9dia:Fontes_confi%C3%A1veis\" title=\"Wikipédia:Fontes confiáveis\">fontes confiáveis</a> e <a href=\"/wiki/Wikip%C3%A9dia:Fontes_independentes\" title=\"Wikipédia:Fontes independentes\">independentes</a></b>, mas que <b><a href=\"/wiki/Wikip%C3%A9dia:Verificabilidade\" title=\"Wikipédia:Verificabilidade\">não cobrem</a> todo o conteúdo</b> <small>(desde maio de 2012).</small> Por favor, <span class=\"plainlinks\"><a class=\"external text\" href=\"//pt.wikipedia.org/w/index.php?title=Badminton&amp;action=edit\">adicione</a></span> mais referências e <a href=\"/wiki/Wikip%C3%A9dia:Livro_de_estilo/Cite_as_fontes\" title=\"Wikipédia:Livro de estilo/Cite as fontes\">insira-as corretamente</a> no texto ou no <a href=\"/wiki/Wikip%C3%A9dia:Livro_de_estilo/Refer%C3%AAncias_e_notas_de_rodap%C3%A9\" title=\"Wikipédia:Livro de estilo/Referências e notas de rodapé\">rodapé</a>. Material sem fontes poderá ser <a href=\"/wiki/Wikip%C3%A9dia:Verificabilidade#Pol.C3.ADtica_de_verificabilidade\" title=\"Wikipédia:Verificabilidade\">removido</a>.<br />\n””<small><i>Encontre fontes:</i> <span class=\"plainlinks\"><a rel=\"nofollow\" class=\"external text\" href=\"http://www.google.com/search?&amp;as_eq=wikipedia&amp;as_epq=Badminton\">Google</a> (<a rel=\"nofollow\" class=\"external text\" href=\"http://news.google.com/archivesearch?&amp;as_src=-newswire+-wire+-presswire+-PR+-press+-release&amp;as_epq=Badminton\">notícias</a>, <a rel=\"nofollow\" class=\"external text\" href=\"http://books.google.com/books?&amp;as_brr=0&amp;as_epq=Badminton\">livros</a> e <a rel=\"nofollow\" class=\"external text\" href=\"http://scholar.google.com/scholar?as_epq=Badminton\">acadêmico</a>)</span></small></td>\n<td width=\"1%\" align=\"center\"></td>\n</tr>\n</table>\n<div class=\"thumb tright\">\n<div class=\"thumbinner\" style=\"width:222px;\"><a href=\"/wiki/Ficheiro:Badminton_Peter_Gade.jpg\" class=\"image\"><img alt=\"\" src=\"//upload.wikimedia.org/wikipedia/commons/thumb/3/32/Badminton_Peter_Gade.jpg/220px-Badminton_Peter_Gade.jpg\" width=\"220\" height=\"330\" class=\"thumbimage\" srcset=\"//upload.wikimedia.org/wikipedia/commons/thumb/3/32/Badminton_Peter_Gade.jpg/330px-Badminton_Peter_Gade.jpg 1.5x, //upload.wikimedia.org/wikipedia/commons/thumb/3/32/Badminton_Peter_Gade.jpg/440px-Badminton_Peter_Gade.jpg 2x\" data-file-width=\"2048\" data-file-height=\"3072\" /></a>\n<div class=\"thumbcaption\">\n<div class=\"magnify\"><a href=\"/wiki/Ficheiro:Badminton_Peter_Gade.jpg\" class=\"internal\" title=\"Ampliar\"></a></div>\nO jogador dinamarquês de <i>badminton</i> <a href=\"/wiki/Peter_Gade\" title=\"Peter Gade\">Peter Gade</a>.</div>\n</div>\n</div>\n<p><i><b>Badminton</b></i> ou <b>badmínton</b><sup id=\"cite_ref-1\" class=\"reference\"><a href=\"#cite_note-1\"><span>[</span>1<span>]</span></a></sup> é um <a href=\"/wiki/Desporto\" title=\"Desporto\">desporto</a> individual ou de dupla, semelhante ao <a href=\"/wiki/T%C3%AAnis\" title=\"Tênis\" class=\"mw-redirect\">tênis</a> e ao <a href=\"/wiki/V%C3%B4lei_de_praia\" title=\"VÃ´lei de praia\" class=\"mw-redirect\">vÃ´lei de praia</a>, praticado com <a href=\"/wiki/Raquete\" title=\"Raquete\">raquete</a> e um volante ou peteca.</p>\n<p></p>\n'),(32,'Basketball','<p>O <b>basquetebol</b> ou <b>bola ao cesto</b> é um jogo desportivo coletivo inventado em <a href=\"/wiki/1891\" title=\"1891\">1891</a> pelo professor de <a href=\"/wiki/Educa%C3%A7%C3%A3o_f%C3%ADsica\" title=\"Educação física\">Educação Física</a> canadense <a href=\"/wiki/James_Naismith\" title=\"James Naismith\">James Naismit</a>, na <a href=\"/wiki/Associa%C3%A7%C3%A3o_Crist%C3%A3_de_Mo%C3%A7os\" title=\"Associação Cristã de Moços\">Associação Cristã de Rapazes</a> de <a href=\"/wiki/Springfield_(Massachusetts)\" title=\"Springfield (Massachusetts)\">Springfield</a>, <a href=\"/wiki/Massachusetts\" title=\"Massachusetts\">Massachusetts</a>, <a href=\"/wiki/Estados_Unidos\" title=\"Estados Unidos\">Estados Unidos</a>.<sup id=\"cite_ref-brasilescola_1-0\" class=\"reference\"><a href=\"#cite_note-brasilescola-1\"><span>[</span>1<span>]</span></a></sup> Ã‰ disputado por duas equipes de 10 jogadores (5 em campo e 5 suplentes) que têm como objetivo passar a bola por dentro de um cesto e evitar que a bola entre no seu cesto colocado nas extremidades da quadra, seja num <a href=\"/wiki/Gin%C3%A1sio\" title=\"Ginásio\" class=\"mw-disambig\">ginásio</a> ou ao ar livre.</p>\n<p>Os aros que formam os cestos são colocados a uma altura de 3 metros e 5 centímetros. Os jogadores podem caminhar no campo desde que driblem (batam a bola contra o chão) a cada passo dado. Também é possível executar um passe, ou seja,passar a bola em direção a um companheiro de equipe.<sup id=\"cite_ref-brasilescola_1-1\" class=\"reference\"><a href=\"#cite_note-brasilescola-1\"><span>[</span>1<span>]</span></a></sup></p>\n<p>O basquetebol é um <a href=\"/wiki/Desporto_ol%C3%ADmpico\" title=\"Desporto olímpico\">desporto olímpico</a> desde os <a href=\"/wiki/Jogos_Ol%C3%ADmpicos_de_Ver%C3%A3o_de_1936\" title=\"Jogos Olímpicos de Verão de 1936\">Jogos Olímpicos de Verão de 1936</a> em <a href=\"/wiki/Berlim\" title=\"Berlim\">Berlim</a>.</p>\n<p>O nome vem do <a href=\"/wiki/L%C3%ADngua_inglesa\" title=\"Língua inglesa\">inglês</a> <i>basketball</i>, que significa literalmente \"bola no cesto\".<sup id=\"cite_ref-brasilescola_1-2\" class=\"reference\"><a href=\"#cite_note-brasilescola-1\"><span>[</span>1<span>]</span></a></sup> Ã‰ um dos esportes mais populares do mundo.<sup id=\"cite_ref-2\" class=\"reference\"><a href=\"#cite_note-2\"><span>[</span>2<span>]</span></a></sup></p>\n<div class=\"thumb tleft\">\n<div class=\"thumbinner\" style=\"width:222px;\"><a href=\"/wiki/Ficheiro:James_Naismith_with_a_basketball.jpg\" class=\"image\"><img alt=\"\" src=\"//upload.wikimedia.org/wikipedia/commons/thumb/8/8d/James_Naismith_with_a_basketball.jpg/220px-James_Naismith_with_a_basketball.jpg\" width=\"220\" height=\"223\" class=\"thumbimage\" srcset=\"//upload.wikimedia.org/wikipedia/commons/8/8d/James_Naismith_with_a_basketball.jpg 1.5x, //upload.wikimedia.org/wikipedia/commons/8/8d/James_Naismith_with_a_basketball.jpg 2x\" data-file-width=\"226\" data-file-height=\"229\" /></a>\n<div class=\"thumbcaption\">\n<div class=\"magnify\"><a href=\"/wiki/Ficheiro:James_Naismith_with_a_basketball.jpg\" class=\"internal\" title=\"Ampliar\"></a></div>\n<a href=\"/wiki/James_Naismith\" title=\"James Naismith\">James Naismith</a>, o inventor do basquetebol.</div>\n</div>\n</div>\n<p>Em Dezembro de <a href=\"/wiki/1891\" title=\"1891\">1891</a>, o <a href=\"/wiki/Professor\" title=\"Professor\">professor</a> de <a href=\"/wiki/Educa%C3%A7%C3%A3o_f%C3%ADsica\" title=\"Educação física\">educação física</a> <a href=\"/wiki/Canadense\" title=\"Canadense\" class=\"mw-redirect\">canadense</a> <a href=\"/wiki/James_Naismith\" title=\"James Naismith\">James Naismit</a>, do Springfield College (então denominada <a href=\"/wiki/Associa%C3%A7%C3%A3o_Crist%C3%A3_de_Mo%C3%A7os\" title=\"Associação Cristã de Moços\">Associação Cristã de</a> Rapazes<sup id=\"cite_ref-3\" class=\"reference\"><a href=\"#cite_note-3\"><span>[</span>3<span>]</span></a></sup> ), em <a href=\"/wiki/Massachusetts\" title=\"Massachusetts\">Massachusetts</a>, <a href=\"/wiki/Estados_Unidos\" title=\"Estados Unidos\">Estados Unidos</a>, recebeu uma tarefa de seu diretor: criar um desporto que os alunos pudessem praticar em um local fechado, pois o <a href=\"/wiki/Inverno\" title=\"Inverno\">inverno</a> costumava ser muito rigoroso, o que impedia a prática do B<a href=\"/wiki/Beisebol\" title=\"Beisebol\" class=\"mw-redirect\">aseball</a> e do <a href=\"/wiki/Futebol_Americano\" title=\"Futebol Americano\" class=\"mw-redirect\">Futebol Americano</a>.</p>\n<p><a href=\"/wiki/James_Naismith\" title=\"James Naismith\">James Naismith</a> logo descartou um jogo que utilizasse os pés ou com muito contato físico, pois poderiam se tornar muito violentos devido Ã s características de um <a href=\"/wiki/Gin%C3%A1sio\" title=\"Ginásio\" class=\"mw-disambig\">ginásio</a>, local fechado e com piso de madeira.</p>\n<p>Logo escreveu as treze regras básicas do jogo e pendurou um cesto de pêssegos a uma altura que julgou adequada: 10 <a href=\"/wiki/P%C3%A9_(unidade)\" title=\"Pé (unidade)\">pés</a>, equivalente a 3,05 <a href=\"/wiki/Metro\" title=\"Metro\">metros</a>, altura que se mantém até hoje; já a quadra possuía, aproximadamente, metade do tamanho da atual.<sup id=\"cite_ref-James_Naismith_Biography_4-0\" class=\"reference\"><a href=\"#cite_note-James_Naismith_Biography-4\"><span>[</span>4<span>]</span></a></sup> <sup id=\"cite_ref-5\" class=\"reference\"><a href=\"#cite_note-5\"><span>[</span>5<span>]</span></a></sup></p>\n<div class=\"thumb tright\">\n<div class=\"thumbinner\" style=\"width:222px;\"><a href=\"/wiki/Ficheiro:Firstbasketball.jpg\" class=\"image\"><img alt=\"\" src=\"//upload.wikimedia.org/wikipedia/commons/thumb/f/f8/Firstbasketball.jpg/220px-Firstbasketball.jpg\" width=\"220\" height=\"309\" class=\"thumbimage\" srcset=\"//upload.wikimedia.org/wikipedia/commons/thumb/f/f8/Firstbasketball.jpg/330px-Firstbasketball.jpg 1.5x, //upload.wikimedia.org/wikipedia/commons/f/f8/Firstbasketball.jpg 2x\" data-file-width=\"355\" data-file-height=\"499\" /></a>\n<div class=\"thumbcaption\">\n<div class=\"magnify\"><a href=\"/wiki/Ficheiro:Firstbasketball.jpg\" class=\"internal\" title=\"Ampliar\"></a></div>\nPrimeira quadra de basquetebol no <a href=\"/w/index.php?title=Springfield_College&amp;action=edit&amp;redlink=1\" class=\"new\" title=\"Springfield College (página não existe)\">Springfield College</a>.</div>\n</div>\n</div>\n<p>Em contrastes com as redes de basquete moderno, em cesta de pêssegos manteve a sua parte inferior, e as bolas tinham que ser retiradas manualmente após cada \"cesto\" ou ponto marcado, o que provou ser ineficaz. Dessa forma, um buraco foi perfurado no fundo da cesta, permitindo que as bolas fossem retiradas a cada vez com uma longa vara. Os cestos de pêssegos foram utilizados até 1906, quando foram finalmente substituídos por aros de metal com tabela.</p>\n<p>Uma outra alteração foi feita logo cedo, de forma que a bola apenas passasse pela cesta, abrindo caminho para o jogo que conhecemos hoje. Uma bola de <a href=\"/wiki/Futebol\" title=\"Futebol\">futebol</a> foi usada para acertar as cestas. Sempre que uma pessoa arremessava uma bola na cesta, a sua equipe ganharia um ponto. A equipe com o maior número de pontos ganhava o jogo.<sup id=\"cite_ref-James_Naismith_Biography_4-1\" class=\"reference\"><a href=\"#cite_note-James_Naismith_Biography-4\"><span>[</span>4<span>]</span></a></sup> As cestas foram originalmente pregadas ao balcão do mezanino da quadra de jogo, mas isto se provou impraticável quando os espectadores no balcão começaram a interferir nos arremessos. A tabela foi introduzida para evitar essa interferência, que teve o efeito adicional de permitir rebotes.<sup id=\"cite_ref-6\" class=\"reference\"><a href=\"#cite_note-6\"><span>[</span>6<span>]</span></a></sup> Esse desporto chama-se \"basquetebol\".<sup id=\"cite_ref-7\" class=\"reference\"><a href=\"#cite_note-7\"><span>[</span>7<span>]</span></a></sup></p>\n<p></p>\n'),(33,'Canoagem','<p>A <b>canoagem</b> é um <a href=\"/wiki/Esporte\" title=\"Esporte\" class=\"mw-redirect\">esporte</a> náutico, praticado com <a href=\"/wiki/Canoa\" title=\"Canoa\">canoa</a> ou <a href=\"/wiki/Caiaque\" title=\"Caiaque\">caiaque</a>, sendo modalidade Olímpica desde <a href=\"/wiki/1936\" title=\"1936\">1936</a>.</p>\n<p></p>\n'),(34,'Ciclismo','<p><b>Ciclismo</b> é um esporte de corrida de <a href=\"/wiki/Bicicleta\" title=\"Bicicleta\">bicicleta</a> cujo objetivo dos participantes é chegar primeiro a determinada meta ou cumprir determinado percurso no menor tempo possível.</p>\n<p>Foi na <a href=\"/wiki/Inglaterra\" title=\"Inglaterra\">Inglaterra</a>, em meados do <a href=\"/wiki/S%C3%A9culo_XIX\" title=\"Século XIX\">século XIX</a>, que o ciclismo iniciou-se como esporte, época em que o aperfeiçoamento do <a href=\"/wiki/Ve%C3%ADculo\" title=\"Veículo\">veículo</a> possibilitou o alcance de maiores velocidades. O ciclismo é regido por diversas regras. Geralmente enquadra-se em quatro categorias: provas em estradas, provas em pistas, provas de montanha (<a href=\"/wiki/Mountain_Bike\" title=\"Mountain Bike\" class=\"mw-redirect\">Mountain Bike</a>) e <a href=\"/wiki/BMX\" title=\"BMX\">BMX</a> e é praticado com diversos tipos e modelos de bicicletas.</p>\n<p>No <a href=\"/wiki/Mountain_Bike\" title=\"Mountain Bike\" class=\"mw-redirect\">Mountain Bike</a> existem várias categorias que são divididas em mais ou menos radicais, e são elas: cross country, em todo o tipo de terreno, de preferência no monte, seja a subir, plano ou a descer; o Free Ride, com um andamento mais extremo em que se dá preferência a saltos e descidas; o down hill, que é a versão mais extrema e perigosa do MTB que consiste somente em descer, normalmente a velocidades altas, sendo este praticado tanto no monte ou em cidade (o chamado downhill urbano ou DHU). Em Lisboa, o mais famoso evento desta disciplina é o Lisboa Down Town que se realiza anualmente em <a href=\"/wiki/Maio\" title=\"Maio\">Maio</a> e que consiste na descida da encosta do Castelo de São Jorge até ao arco da <a href=\"/wiki/Red_Bull\" title=\"Red Bull\">Red Bull</a>.</p>\n<p>Em termos de <a href=\"/wiki/Sa%C3%BAde\" title=\"Saúde\">saúde</a>, o ciclismo é uma atividade rítmica e cíclica, ideal para desenvolvimento dos sistemas de energia <a href=\"/wiki/Aerobiose\" title=\"Aerobiose\">aeróbico</a> e <a href=\"/wiki/Anaer%C3%B3bico\" title=\"Anaeróbico\" class=\"mw-redirect\">anaeróbico</a>, dependendo do tipo de treinamento aplicado. Desenvolve o sistema cardiovascular dos praticantes, sendo ainda indicado por <a href=\"/wiki/M%C3%A9dico\" title=\"Médico\">médicos</a> especialistas como ótimo exercício para queima de <a href=\"/wiki/Gordura\" title=\"Gordura\">gordura</a> corporal e desenvolvimento de resistência de <a href=\"/wiki/For%C3%A7a\" title=\"Força\">força</a> muscular de <a href=\"/wiki/Perna\" title=\"Perna\">pernas</a>, em treinamentos.</p>\n<p>O mundo moderno inventou também o ciclismo estático, ou seja, a prática do ciclismo em bicicletas <a href=\"/wiki/Ergometria\" title=\"Ergometria\">ergométricas</a> e em locais fechados, casa, <a href=\"/wiki/Academia\" title=\"Academia\">academia</a>, <a href=\"/wiki/Clube\" title=\"Clube\">clube</a>, etc, um exercício aeróbico alternativo e seguro ideal para indivíduos que desejam maior segurança, sustentação e facilidade de manejo do que o ciclismo de estrada ou de pista.</p>\n<p>O ciclismo estático é indicado para pessoas que apresentam determinados tipos de lesÃµes de <a href=\"/wiki/Joelho\" title=\"Joelho\">joelhos</a>, quadris, <a href=\"/wiki/Coluna\" title=\"Coluna\">coluna</a> e que não podem caminhar; <a href=\"/wiki/Gravidez\" title=\"Gravidez\">grávidas</a>, <a href=\"/wiki/Idoso\" title=\"Idoso\">idosos</a> com <a href=\"/wiki/Osteoporose\" title=\"Osteoporose\">osteoporose</a> e principalmente <a href=\"/wiki/Obeso\" title=\"Obeso\" class=\"mw-redirect\">obesos</a>.</p>\n<p></p>\n'),(35,'Esgrima','<p><a href=\"/wiki/Ficheiro:Olympic_pictogram_Fencing.png\" class=\"image\"><img alt=\"Olympic pictogram Fencing.png\" src=\"//upload.wikimedia.org/wikipedia/commons/thumb/8/83/Olympic_pictogram_Fencing.png/120px-Olympic_pictogram_Fencing.png\" width=\"120\" height=\"120\" class=\"thumbborder\" srcset=\"//upload.wikimedia.org/wikipedia/commons/thumb/8/83/Olympic_pictogram_Fencing.png/180px-Olympic_pictogram_Fencing.png 1.5x, //upload.wikimedia.org/wikipedia/commons/thumb/8/83/Olympic_pictogram_Fencing.png/240px-Olympic_pictogram_Fencing.png 2x\" data-file-width=\"300\" data-file-height=\"300\" /></a><br />\nPictograma.</p>\n</td>\n</tr>\n<tr>\n<td style=\"text-align:right; padding-right:0.75em;\"><b>Autoridade máxima</b></td>\n<td>FIE</td>\n</tr>\n<tr>\n<td style=\"text-align:right; padding-right:0.75em;\"><b>Participantes</b></td>\n<td>Individual ou equipes de três a quatro indivíduos</td>\n</tr>\n<tr>\n<td style=\"text-align:right; padding-right:0.75em;\"><b>Local de disputa</b></td>\n<td>Pista metálica de 14m de comprimento e 1,5 a 2m de largura</td>\n</tr>\n<tr>\n<td style=\"text-align:right; padding-right:0.75em;\"><b>Pontuação</b></td>\n<td>até 5 pontos em quadros de poule e até 15 pontos em chaves eliminatórias</td>\n</tr>\n<tr>\n<td style=\"text-align:right; padding-right:0.75em;\"><b>Equipamento</b></td>\n<td>arma (espada, florete ou sabre), equipamento protetor (máscara, jaqueta, meia-jaqueta, calça, meia e protetor de seios) e equipamento elétrico (fio-de-corpo e fio-de-máscara)</td>\n</tr>\n<tr>\n<td style=\"text-align:right; padding-right:0.75em;\"><b>Olímpico</b></td>\n<td>desde 1896</td>\n</tr>\n</table>\n<div class=\"thumb tright\">\n<div class=\"thumbinner\" style=\"width:252px;\"><a href=\"/wiki/Ficheiro:Esgrima_Jogos_Panamericanos_1_14072007.jpg\" class=\"image\"><img alt=\"\" src=\"//upload.wikimedia.org/wikipedia/commons/thumb/a/a6/Esgrima_Jogos_Panamericanos_1_14072007.jpg/250px-Esgrima_Jogos_Panamericanos_1_14072007.jpg\" width=\"250\" height=\"168\" class=\"thumbimage\" srcset=\"//upload.wikimedia.org/wikipedia/commons/thumb/a/a6/Esgrima_Jogos_Panamericanos_1_14072007.jpg/375px-Esgrima_Jogos_Panamericanos_1_14072007.jpg 1.5x, //upload.wikimedia.org/wikipedia/commons/thumb/a/a6/Esgrima_Jogos_Panamericanos_1_14072007.jpg/500px-Esgrima_Jogos_Panamericanos_1_14072007.jpg 2x\" data-file-width=\"2896\" data-file-height=\"1944\" /></a>\n<div class=\"thumbcaption\">\n<div class=\"magnify\"><a href=\"/wiki/Ficheiro:Esgrima_Jogos_Panamericanos_1_14072007.jpg\" class=\"internal\" title=\"Ampliar\"></a></div>\n<center>Durante um combate de esgrima, o esgrimista da direita executa um \"afundo.\"</center>\n</div>\n</div>\n</div>\n<div class=\"thumb tright\">\n<div class=\"thumbinner\" style=\"width:252px;\"><a href=\"/wiki/Ficheiro:Esgrima_Jogos_Panamericanos_2_14072007.jpg\" class=\"image\"><img alt=\"\" src=\"//upload.wikimedia.org/wikipedia/commons/thumb/8/85/Esgrima_Jogos_Panamericanos_2_14072007.jpg/250px-Esgrima_Jogos_Panamericanos_2_14072007.jpg\" width=\"250\" height=\"168\" class=\"thumbimage\" srcset=\"//upload.wikimedia.org/wikipedia/commons/thumb/8/85/Esgrima_Jogos_Panamericanos_2_14072007.jpg/375px-Esgrima_Jogos_Panamericanos_2_14072007.jpg 1.5x, //upload.wikimedia.org/wikipedia/commons/thumb/8/85/Esgrima_Jogos_Panamericanos_2_14072007.jpg/500px-Esgrima_Jogos_Panamericanos_2_14072007.jpg 2x\" data-file-width=\"2598\" data-file-height=\"1750\" /></a>\n<div class=\"thumbcaption\">\n<div class=\"magnify\"><a href=\"/wiki/Ficheiro:Esgrima_Jogos_Panamericanos_2_14072007.jpg\" class=\"internal\" title=\"Ampliar\"></a></div>\n<center>A defesa de \"prima\" contra o golpe de florete do atacante.</center>\n</div>\n</div>\n</div>\n<p>A <b>esgrima</b> (do <a href=\"/wiki/L%C3%ADngua_proven%C3%A7al\" title=\"Língua provençal\" class=\"mw-redirect\">antigo provençal</a> <i>escrima</i> do vocábulo <a href=\"/wiki/L%C3%ADnguas_germ%C3%A2nicas\" title=\"Línguas germânicas\">germânico</a> <i>skirmjan</i>, \"proteger\") é um <a href=\"/wiki/Desporto\" title=\"Desporto\">desporto</a> que evoluiu da antiga forma de combate, em que o objetivo é tocar o adversário com uma lâmina ao mesmo tempo que se evita ser tocado por ele. Existem três disciplinas de esgrima: o <a href=\"/wiki/Florete\" title=\"Florete\">florete</a>, a <a href=\"/wiki/Espada\" title=\"Espada\">espada</a> e o <a href=\"/wiki/Sabre\" title=\"Sabre\">sabre</a>, diferindo não só no formato da lâmina mas também nas zonas do corpo onde um toque é válido e também como as armas funcionam.</p>\n<p></p>\n'),(36,'Futebol_paralímpico','<p><b>O</b> <b>futebol Paralímpico</b> <b>consiste na adaptação do <a href=\"/wiki/Futebol\" title=\"Futebol\">futebol regular</a> para atletas com <a href=\"/wiki/Defici%C3%AAncia\" title=\"Deficiência\">deficiências físicas</a>. Estes desportos são jogados, normalmente, usando regras da Fifa, com modificaçÃµes quanto ao terreno de jogo, equipamento, número de jogadores, e outras regras necessárias para tornar o jogo adequado aos atletas.</b></p>\n<p><b>As duas principais versÃµes do futebol Paralímpico são o Futebol de cinco, para atletas com <a href=\"/wiki/Cegueira\" title=\"Cegueira\">deficiências visuais</a>, e o Futebol de sete, para atletas com <a href=\"/wiki/Paralisia_cerebral\" title=\"Paralisia cerebral\">paralisia cerebral</a>.</b></p>\n<h2><span class=\"mw-headline\" id=\"Futebol_para_deficientes_visuais\"><b>Futebol para deficientes visuais</b></span><span class=\"mw-editsection\"><span class=\"mw-editsection-bracket\">[</span><a href=\"/w/index.php?title=Futebol_paral%C3%ADmpico&amp;veaction=edit&amp;vesection=1\" title=\"Editar secção: Futebol para deficientes visuais\" class=\"mw-editsection-visualeditor\">editar</a><span class=\"mw-editsection-divider\"> | </span><a href=\"/w/index.php?title=Futebol_paral%C3%ADmpico&amp;action=edit&amp;section=1\" title=\"Editar secção: Futebol para deficientes visuais\">editar código-fonte</a><span class=\"mw-editsection-bracket\">]</span></span>'),(37,'Ginástica','<p>A <b>ginástica</b> é um conceito que engloba modalidades competitivas e não competitivas e envolve a prática de uma série de movimentos exigentes de <a href=\"/wiki/For%C3%A7a\" title=\"Força\">força</a>, flexibilidade e <a href=\"/wiki/Coordena%C3%A7%C3%A3o_motora\" title=\"Coordenação motora\">coordenação motora</a> para fins únicos de aperfeiçoamento físico e mental.</p>\n<p>Desenvolveu-se, efetivamente, a partir dos exercícios físicos realizados pelos soldados da <a href=\"/wiki/Gr%C3%A9cia_Antiga\" title=\"Grécia Antiga\">Grécia Antiga</a>, incluindo habilidades para montar e desmontar um cavalo e habilidades semelhantes a executadas em um circo, como fazem os chamados acrobatas. Naquela época, os ginastas praticavam o exercício nus (<span lang=\"el\" class=\"politonico\" xml:lang=\"el\"><i>gymnos</i></span> ”“ do grego, nu), nos chamados <span lang=\"el\" class=\"politonico\" xml:lang=\"el\"><i>gymnasios</i></span>, patronados pelo <a href=\"/wiki/Apolo\" title=\"Apolo\">deus Apolo</a>. A prática só voltou a ser retomada - com ênfase <a href=\"/wiki/Esporte\" title=\"Esporte\" class=\"mw-redirect\">desportiva</a> e <a href=\"/wiki/Militar\" title=\"Militar\">militar</a> - no final do <a href=\"/wiki/S%C3%A9culo_XVIII\" title=\"Século XVIII\">século XVIII</a>, na <a href=\"/wiki/Europa\" title=\"Europa\">Europa</a>, através de <a href=\"/wiki/Jean_Jacques_Rousseau\" title=\"Jean Jacques Rousseau\" class=\"mw-redirect\">Jean Jacques Rousseau</a>, do posterior nascimento da escola alemã de <a href=\"/wiki/Friedrich_Ludwig_Jahn\" title=\"Friedrich Ludwig Jahn\">Friedrich Ludwig Jahn</a> - de movimentos lentos, ritmados, de flexibilidade e de força - e da escola sueca, de <a href=\"/wiki/Pehr_Henrik_Ling\" title=\"Pehr Henrik Ling\">Pehr Henrik Ling</a>, que introduziu a melhoria dos aparelhos na prática do esporte. Tais avanços geraram a chamada ginástica moderna, agora subdividida.</p>\n<p>Anos mais tarde, a <a href=\"/wiki/Federa%C3%A7%C3%A3o_Internacional_de_Gin%C3%A1stica\" title=\"Federação Internacional de Ginástica\">Federação Internacional de Ginástica</a> foi fundada, para regulamentar, sistematizar e organizar todas as suas ramificaçÃµes surgidas posteriormente. Já as práticas não competitivas, popularizaram-se e difundiram-se pelo mundo de diferentes formas e com diversas finalidades e praticantes.</p>\n<div class=\"toclimit-2\">\n'),(38,'Golbol','<p>O <i><b>golbol</b></i>, também conhecido por <i><b>goalball</b></i> foi inventado em 1946 pelo austríaco Hanz Lorenzen e pelo alemão Sett Reindle, é um jogo praticado por <b>atletas que possuem deficiência visual</b>, cujo objetivo é arremessar uma bola com as mãos no gol do adversário. Cada time joga com três jogadores e todos os atletas usam vendas nos olhos. Há também três reservas. Quando um jogador faz um pênalti,fica um no gol e o adversário arremessa. A sua percepção é pelo tato, audição; as linhas do chão são o motivo do jogo em que o tato prevalece. A bola que possui guizos para o grande uso da audição e assim eles podem saber em que direção a bola esta indo. Precisa de muita concentração, por isso o silêncio da torcida e da equipe é importante, de mais.</p>'),(39,'Andebol','<p><span class=\"no-conversion\"><b><span xml:lang=\"pt-pt\" lang=\"pt-pt\">Andebol</span></b> <sup>(<a href=\"/wiki/Portugu%C3%AAs_europeu\" title=\"Português europeu\">português europeu</a>)</sup> ou <b><span xml:lang=\"pt-br\" lang=\"pt-br\">handebol</span></b> <sup>(<a href=\"/wiki/Portugu%C3%AAs_brasileiro\" title=\"Português brasileiro\">português brasileiro</a>)</sup></span> (do <a href=\"/wiki/L%C3%ADngua_inglesa\" title=\"Língua inglesa\">inglês</a> <i>handball</i>) é uma modalidade <a href=\"/wiki/Desporto\" title=\"Desporto\">desportiva</a> criada pelo <a href=\"/wiki/Alemanha\" title=\"Alemanha\">alemão</a> <a href=\"/wiki/Karl_Schelenz\" title=\"Karl Schelenz\" class=\"mw-redirect\">Karl Schelenz</a>, em <a href=\"/wiki/1919\" title=\"1919\">1919</a> — embora se baseasse em outros desportos praticados desde fins do <a href=\"/wiki/S%C3%A9culo_XIX\" title=\"Século XIX\">século XIX</a>, na Europa setentrional e no <a href=\"/wiki/Uruguai\" title=\"Uruguai\">Uruguai</a>. O jogo inicialmente era praticado na <a href=\"/wiki/Handebol_de_campo\" title=\"Handebol de campo\" class=\"mw-redirect\">relva</a> em um campo similar ao do <a href=\"/wiki/Futebol\" title=\"Futebol\">futebol</a> com dimensões entre 90 m a 110 m de comprimento e entre 55 m a 65 m de largura, a área de baliza (gol em português do Brasil) com raio de 13 m, a baliza com 7,32 m de largura por 2,44 m de altura (a mesma usada no futebol), e era disputado por duas equipas de onze jogadores cada, sendo a bola semelhante à usada na versão de sete jogadores. Hoje em dia a maioria dos jogadores pratica apenas o andebol de sete.</p>'),(40,'Hipismo','<p>Hipismo é a arte de montar a <a href=\"/wiki/Cavalo\" title=\"Cavalo\">cavalo</a> e compreende todas as práticas desportivas que envolvam este animal. Sendo assim, é o maior esporte feito com cavalos no mundo inteiro.</p>\n<p>Dentre elas, que envolvem com diferentes provas, temos o <a href=\"/w/index.php?title=Salto_(hipismo)&amp;action=edit&amp;redlink=1\" class=\"new\" title=\"Salto (hipismo) (página não existe)\">salto</a>, o <a href=\"/wiki/Adestramento_(hipismo)\" title=\"Adestramento (hipismo)\">dressage</a>, as <a href=\"/w/index.php?title=Corridas_(hipismo)&amp;action=edit&amp;redlink=1\" class=\"new\" title=\"Corridas (hipismo) (página não existe)\">corridas</a>, a <a href=\"/w/index.php?title=Atrelagem&amp;action=edit&amp;redlink=1\" class=\"new\" title=\"Atrelagem (página não existe)\">atrelagem</a>, o <a href=\"/wiki/Polo_(esporte)\" title=\"Polo (esporte)\">pólo</a>, etc. Algumas constituem mesmo o <a href=\"/wiki/Pentatlo_moderno\" title=\"Pentatlo moderno\">pentatlo moderno</a>, que é também disputado nas <a href=\"/wiki/Olimp%C3%ADadas\" title=\"Olimpíadas\" class=\"mw-redirect\">Olimpíadas</a></p>\n<p>Apesar de existir desde a <a href=\"/wiki/Antiguidade\" title=\"Antiguidade\" class=\"mw-redirect\">antiguidade</a>, suas regras e competiçÃµes modernas surgiram no ano de <a href=\"/wiki/1883\" title=\"1883\">1883</a>, nos <a href=\"/wiki/Estados_Unidos\" title=\"Estados Unidos\">Estados Unidos</a>. No programa dos <a href=\"/wiki/Jogos_Ol%C3%ADmpicos\" title=\"Jogos Olímpicos\">Jogos Olímpicos modernos</a>, o hipismo foi incluído nos <a href=\"/wiki/Jogos_Ol%C3%ADmpicos_de_Ver%C3%A3o_de_1912\" title=\"Jogos Olímpicos de Verão de 1912\">Jogos de Verão de 1912</a> em <a href=\"/wiki/Estocolmo\" title=\"Estocolmo\">Estocolmo</a>, <a href=\"/wiki/Su%C3%A9cia\" title=\"Suécia\">Suécia</a>.</p>\n<p></p>\n'),(41,'Hóquei em campo','<p>O <b>hóquei em campo</b> (no Brasil também conhecido por <b>hóquei sobre a grama</b>) é um <a href=\"/wiki/Desporto\" title=\"Desporto\">desporto</a> praticado por duas equipas de 11 jogadores . Um jogo divide-se em quatro partes de 15 minutos, com 15 minutos de intervalo ao meio-tempo, 2 minutos depois de 1Âº e 3Âº tempos, e disputa-se numa quadra com uma <a href=\"/wiki/Baliza\" title=\"Baliza\">baliza</a> em cada topo. O objectivo do jogo é tentar marcar o maior número de <a href=\"/wiki/Golo\" title=\"Golo\" class=\"mw-redirect\">golos</a> possíveis, conduzindo a bola por intermédio de um <i><a href=\"/wiki/Stick\" title=\"Stick\" class=\"mw-redirect\">stick</a></i>.</p>\n<p></p>\n'),(42,'Judô','<p><span class=\"no-conversion\"><span lang=\"pt-br\" xml:lang=\"pt-br\"><b>JudÃ´</b></span> <sup>(<a href=\"/wiki/Portugu%C3%AAs_brasileiro\" title=\"Português brasileiro\">português brasileiro</a>)</sup> ou <span lang=\"pt-pt\" xml:lang=\"pt-pt\"><b>judo</b></span> <sup>(<a href=\"/wiki/Portugu%C3%AAs_europeu\" title=\"Português europeu\">português europeu</a>)</sup></span> <span style=\"font-weight:normal\">(<span class=\"t_nihongo_kanji\" lang=\"ja\" xml:lang=\"ja\">æŸ”é�“</span><span class=\"t_nihongo_comma\">,</span> <i><span class=\"t_nihongo_romaji\">JÅ«dÅ�</span></i><span class=\"t_nihongo_help\"><sup><a href=\"/wiki/Ajuda:Japon%C3%AAs\" title=\"Ajuda:Japonês\"><span class=\"t_nihongo_icon\" style=\"color:#00e;font:bold 80% sans-serif;text-decoration:none;padding:0 .1em;\">?</span></a></sup></span>, caminho suave, ou caminho da suavidade)</span> é uma <a href=\"/wiki/Arte_marcial\" title=\"Arte marcial\" class=\"mw-redirect\">arte marcial</a>, praticada como <a href=\"/wiki/Esporte_de_combate\" title=\"Esporte de combate\">esporte de combate</a> , fundado por Jigoro Kano em <a href=\"/wiki/1882\" title=\"1882\">1882</a>. Os seus principais objetivos são fortalecer o físico, a mente e o espírito de forma integrada, além de desenvolver técnicas de <a href=\"/wiki/Defesa_pessoal\" title=\"Defesa pessoal\">defesa pessoal</a>.<sup id=\"cite_ref-hist_1-0\" class=\"reference\"><a href=\"#cite_note-hist-1\"><span>[</span>1<span>]</span></a></sup></p>\n<table class=\"vertical-navbox nowraplinks hlist\" cellspacing=\"0\" cellpadding=\"0\" style=\"float:right;clear:right;width:22.0em;margin:0 0 1.0em 1.0em;background:#f9f9f9;border:1px solid #aaa;padding:0.2em;border-spacing:0.4em 0;text-align:center;line-height:1.4em;font-size:88%;\">\n<tr>\n<th class=\"\" style=\"padding:0.2em 0.4em 0.2em;;font-size:145%;line-height:1.2em;\"><a href=\"/wiki/Artes_marciais\" title=\"Artes marciais\">Artes marciais</a></th>\n</tr>\n<tr>\n<td class=\"\" style=\"padding:0.2em 0 0.4em;\">\n<div class=\"center\">\n<div class=\"floatnone\"><a href=\"/wiki/Ficheiro:Young_boxers_fresco,_Akrotiri,_Greece.jpg\" class=\"image\" title=\"Afresco retratando a prática do pugilismo. Civilização Minoica, c. 1500 a.C.\"><img alt=\"Afresco retratando a prática do pugilismo. Civilização Minoica, c. 1500 a.C.\" src=\"//upload.wikimedia.org/wikipedia/commons/thumb/0/0f/Young_boxers_fresco%2C_Akrotiri%2C_Greece.jpg/140px-Young_boxers_fresco%2C_Akrotiri%2C_Greece.jpg\" width=\"140\" height=\"238\" srcset=\"//upload.wikimedia.org/wikipedia/commons/thumb/0/0f/Young_boxers_fresco%2C_Akrotiri%2C_Greece.jpg/210px-Young_boxers_fresco%2C_Akrotiri%2C_Greece.jpg 1.5x, //upload.wikimedia.org/wikipedia/commons/thumb/0/0f/Young_boxers_fresco%2C_Akrotiri%2C_Greece.jpg/280px-Young_boxers_fresco%2C_Akrotiri%2C_Greece.jpg 2x\" data-file-width=\"1848\" data-file-height=\"3148\" /></a></div>\n</div>\n</td>\n</tr>\n<tr>\n<td class=\"\" style=\"padding:0 0.1em 0.4em;&#160;;\">\n<div class=\"NavFrame collapsed\" style=\"border: none; padding: 0;\">\n<div class=\"NavHead\" style=\"font-size: 105%; background: transparent; text-align: left; text-align:center;;\">Chinesas</div>\n<div class=\"NavContent\" style=\"font-size: 105%; padding: 0.2em 0 0.4em; text-align: center;\">\n<ul>\n<li><a href=\"/wiki/Wushu\" title=\"Wushu\">Kung fu</a></li>\n<li><a href=\"/wiki/Fei_hok_phai\" title=\"Fei hok phai\">Fei hok phai</a></li>\n<li><a href=\"/wiki/Baguazhang\" title=\"Baguazhang\">Baguazhang</a></li>\n<li><a href=\"/wiki/Hsing-i_chuan\" title=\"Hsing-i chuan\">Hsing-i chuan</a></li>\n<li><a href=\"/wiki/Tai_chi_chuan\" title=\"Tai chi chuan\">Tai chi chuan</a></li>\n<li><a href=\"/wiki/I-chuan\" title=\"I-chuan\">I-chuan</a></li>\n<li><a href=\"/wiki/Wing_chun\" title=\"Wing chun\" class=\"mw-redirect\">Wing chun</a></li>\n<li><a href=\"/wiki/Shaolin_quan\" title=\"Shaolin quan\">Shaolin quan</a></li>\n<li><a href=\"/wiki/Bajiquan\" title=\"Bajiquan\" class=\"mw-redirect\">Bajiquan</a></li>\n<li><a href=\"/wiki/Shuai_jiao\" title=\"Shuai jiao\">Shuai jiao</a></li>\n<li><a href=\"/wiki/Chin_na\" title=\"Chin na\" class=\"mw-redirect\">Chin-na</a></li>\n<li><a href=\"/wiki/Kenp%C5%8D\" title=\"KenpÅ�\">KenpÅ�</a></li>\n<li><a href=\"/wiki/Sanshou\" title=\"Sanshou\">Sanshou</a></li>\n</ul>\n</div>\n</div>\n</td>\n</tr>\n<tr>\n<td class=\"\" style=\"padding:0 0.1em 0.4em;&#160;;\">\n<div class=\"NavFrame collapsed\" style=\"border: none; padding: 0;\">\n<div class=\"NavHead\" style=\"font-size: 105%; background: transparent; text-align: left; text-align:center;;\">Japonesas</div>\n<div class=\"NavContent\" style=\"font-size: 105%; padding: 0.2em 0 0.4em; text-align: center;\">\n<ul>\n<li><a href=\"/wiki/Aikido\" title=\"Aikido\">Aikido</a></li>\n<li><a href=\"/wiki/B%C5%8Djutsu\" title=\"BÅ�jutsu\">BÅ�jutsu</a></li>\n<li><a href=\"/wiki/Bujutsu\" title=\"Bujutsu\">Bujutsu</a></li>\n<li><a href=\"/wiki/Carat%C3%AA\" title=\"Caratê\">Caratê</a></li>\n<li><a href=\"/wiki/Iaid%C3%B4\" title=\"IaidÃ´\" class=\"mw-redirect\">IaidÃ´</a></li>\n<li><a href=\"/wiki/Iaid%C3%B4\" title=\"IaidÃ´\" class=\"mw-redirect\">Iaijutsu</a></li>\n<li><a href=\"/wiki/Jiu-jitsu\" title=\"Jiu-jitsu\">Jiu-jitsu</a></li>\n<li><strong class=\"selflink\">JudÃ´</strong></li>\n<li><a href=\"/wiki/Kendo\" title=\"Kendo\">Kendo</a></li>\n<li><a href=\"/wiki/Kenjutsu\" title=\"Kenjutsu\">Kenjutsu</a></li>\n<li><a href=\"/wiki/Kyudo\" title=\"Kyudo\">Kyudo</a></li>\n<li><a href=\"/wiki/Naguinata-do\" title=\"Naguinata-do\">Naguinata-do</a></li>\n<li><a href=\"/wiki/Ninjutsu\" title=\"Ninjutsu\" class=\"mw-redirect\">Ninjutsu</a></li>\n<li><a href=\"/wiki/S%C3%B4jutsu\" title=\"SÃ´jutsu\" class=\"mw-redirect\">SÃ´jutsu</a></li>\n<li><a href=\"/wiki/Sum%C3%B4\" title=\"SumÃ´\">SumÃ´</a></li>\n</ul>\n</div>\n</div>\n</td>\n</tr>\n<tr>\n<td class=\"\" style=\"padding:0 0.1em 0.4em;&#160;;\">\n<div class=\"NavFrame collapsed\" style=\"border: none; padding: 0;\">\n<div class=\"NavHead\" style=\"font-size: 105%; background: transparent; text-align: left; text-align:center;;\">Tailandesas</div>\n<div class=\"NavContent\" style=\"font-size: 105%; padding: 0.2em 0 0.4em; text-align: center;\">\n<ul>\n<li><a href=\"/wiki/Lerdrit\" title=\"Lerdrit\">Lerdrit</a></li>\n<li><a href=\"/wiki/Muay_boran\" title=\"Muay boran\">Muay boran</a></li>\n<li><a href=\"/wiki/Muay_thai\" title=\"Muay thai\">Muay thai</a></li>\n<li><a href=\"/wiki/Krabi_krabong\" title=\"Krabi krabong\">Krabi krabong</a></li>\n<li><a href=\"/wiki/Silat_pattani\" title=\"Silat pattani\">Silat pattani</a></li>\n</ul>\n</div>\n</div>\n</td>\n</tr>\n<tr>\n<td class=\"\" style=\"padding:0 0.1em 0.4em;&#160;;\">\n<div class=\"NavFrame collapsed\" style=\"border: none; padding: 0;\">\n<div class=\"NavHead\" style=\"font-size: 105%; background: transparent; text-align: left; text-align:center;;\">Coreanas</div>\n<div class=\"NavContent\" style=\"font-size: 105%; padding: 0.2em 0 0.4em; text-align: center;\">\n<ul>\n<li><a href=\"/wiki/Hapkid%C3%B4\" title=\"HapkidÃ´\">HapkidÃ´</a></li>\n<li><a href=\"/wiki/Haidong_gumdo\" title=\"Haidong gumdo\">Haidong gumdo</a></li>\n<li><a href=\"/wiki/Taekwondo\" title=\"Taekwondo\">Taekwondo</a></li>\n<li><a href=\"/wiki/Tangsudo\" title=\"Tangsudo\">Tangsudo</a></li>\n<li><a href=\"/wiki/Sipalki\" title=\"Sipalki\">Sipalki</a></li>\n</ul>\n</div>\n</div>\n</td>\n</tr>\n<tr>\n<td class=\"\" style=\"padding:0 0.1em 0.4em;&#160;;\">\n<div class=\"NavFrame collapsed\" style=\"border: none; padding: 0;\">\n<div class=\"NavHead\" style=\"font-size: 105%; background: transparent; text-align: left; text-align:center;;\">Vietnamitas</div>\n<div class=\"NavContent\" style=\"font-size: 105%; padding: 0.2em 0 0.4em; text-align: center;\">\n<ul>\n<li><a href=\"/wiki/Viet_vo_dao\" title=\"Viet vo dao\" class=\"mw-redirect\">Viet vo dao</a></li>\n<li><a href=\"/wiki/Qwan_ki_do\" title=\"Qwan ki do\">Qwan ki do</a></li>\n</ul>\n</div>\n</div>\n</td>\n</tr>\n<tr>\n<td class=\"\" style=\"padding:0 0.1em 0.4em;&#160;;\">\n<div class=\"NavFrame collapsed\" style=\"border: none; padding: 0;\">\n<div class=\"NavHead\" style=\"font-size: 105%; background: transparent; text-align: left; text-align:center;;\">Outras orientais</div>\n<div class=\"NavContent\" style=\"font-size: 105%; padding: 0.2em 0 0.4em; text-align: center;\">\n<ul>\n<li>Filipinas: <a href=\"/wiki/Eskrima\" title=\"Eskrima\">Eskrima</a></li>\n<li>Israelitas: <a href=\"/wiki/Krav_mag%C3%A1\" title=\"Krav magá\">Krav magá</a></li>\n</ul>\n</div>\n</div>\n</td>\n</tr>\n<tr>\n<td class=\"\" style=\"padding:0 0.1em 0.4em;&#160;;\">\n<div class=\"NavFrame collapsed\" style=\"border: none; padding: 0;\">\n<div class=\"NavHead\" style=\"font-size: 105%; background: transparent; text-align: left; text-align:center;;\">Ocidentais</div>\n<div class=\"NavContent\" style=\"font-size: 105%; padding: 0.2em 0 0.4em; text-align: center;\">\n<ul>\n<li><a href=\"/wiki/Boxe\" title=\"Boxe\">Boxe</a></li>\n<li><a href=\"/wiki/Capoeira\" title=\"Capoeira\">Capoeira</a></li>\n<li><a href=\"/wiki/Esgrima\" title=\"Esgrima\">Esgrima</a></li>\n<li><a href=\"/wiki/Kickboxing_americano\" title=\"Kickboxing americano\">Full contact</a>*<a href=\"/wiki/Jeet_kune_do\" title=\"Jeet kune do\">Jeet kune do</a>*<a href=\"/wiki/Jogo_do_pau\" title=\"Jogo do pau\">Jogo do pau</a></li>\n<li><a href=\"/wiki/Kombato\" title=\"Kombato\">Kombato</a></li>\n<li><a href=\"/wiki/Luta_greco-romana\" title=\"Luta greco-romana\">Luta greco-romana</a></li>\n<li><a href=\"/wiki/Luta_livre_esportiva\" title=\"Luta livre esportiva\">Luta livre esportiva</a></li>\n<li><a href=\"/wiki/Artes_marciais_mistas\" title=\"Artes marciais mistas\">Mistas</a></li>\n<li><a href=\"/wiki/Morganti_ju-jitsu\" title=\"Morganti ju-jitsu\">Morganti ju-jitsu</a></li>\n<li><a href=\"/wiki/Keysi\" title=\"Keysi\">Keysi</a></li>\n<li><a href=\"/wiki/Sambo\" title=\"Sambo\">Sambo</a></li>\n<li><a href=\"/wiki/Savate\" title=\"Savate\">Savate</a></li>\n<li><a href=\"/wiki/Submission_wrestling\" title=\"Submission wrestling\">Submission wrestling</a></li>\n<li><a href=\"/wiki/Vale-tudo\" title=\"Vale-tudo\">Vale-tudo</a></li>\n<li><a href=\"/wiki/Pancr%C3%A1cio\" title=\"Pancrácio\">Pancrácio</a></li>\n</ul>\n</div>\n</div>\n</td>\n</tr>\n<tr>\n<td class=\"\" style=\"padding:0 0.1em 0.4em;&#160;;\">\n<div class=\"NavFrame collapsed\" style=\"border: none; padding: 0;\">\n<div class=\"NavHead\" style=\"font-size: 105%; background: transparent; text-align: left; text-align:center;;\">Relacionados</div>\n<div class=\"NavContent\" style=\"font-size: 105%; padding: 0.2em 0 0.4em; text-align: center;\">\n<ul>\n<li><a href=\"/wiki/Samurai\" title=\"Samurai\">Samurai</a></li>\n<li><a href=\"/wiki/Shihan\" title=\"Shihan\">Shihan</a></li>\n<li><a href=\"/wiki/Katana\" title=\"Katana\">Katana</a></li>\n<li><a href=\"/wiki/Wakizashi\" title=\"Wakizashi\">Wakizashi</a></li>\n<li><a href=\"/wiki/Dan_(artes_marciais)\" title=\"Dan (artes marciais)\">Dan</a></li>\n<li><a href=\"/wiki/Hakama\" title=\"Hakama\">Hakama</a></li>\n<li><a href=\"/wiki/Dojo\" title=\"Dojo\">Dojo</a></li>\n<li><a href=\"/wiki/Chi_kung\" title=\"Chi kung\">Chi kung</a></li>\n<li><a href=\"/wiki/Ninja\" title=\"Ninja\">Ninja</a></li>\n</ul>\n</div>\n</div>\n</td>\n</tr>\n<tr>\n<td class=\"\" style=\"padding:0 0.1em 0.4em;&#160;;\">\n<div class=\"NavFrame collapsed\" style=\"border: none; padding: 0;\">\n<div class=\"NavHead\" style=\"font-size: 105%; background: transparent; text-align: left; text-align:center;;\">Listas</div>\n<div class=\"NavContent\" style=\"font-size: 105%; padding: 0.2em 0 0.4em; text-align: center;\">\n<ul>\n<li><a href=\"/wiki/Anexo:Lista_de_armas_de_artes_marciais\" title=\"Anexo:Lista de armas de artes marciais\" class=\"mw-redirect\">Lista de armas de artes marciais</a></li>\n<li><a href=\"/wiki/Anexo:Lista_de_desportos_ol%C3%ADmpicos\" title=\"Anexo:Lista de desportos olímpicos\" class=\"mw-redirect\">Lista de desportos olímpicos</a></li>\n<li><a href=\"/wiki/Anexo:Lista_de_desportos\" title=\"Anexo:Lista de desportos\" class=\"mw-redirect\">Lista de desportos</a></li>\n</ul>\n</div>\n</div>\n</td>\n</tr>\n<tr>\n<td style=\"text-align:right;font-size:115%;padding-top: 0.6em;\">\n<div class=\"noprint plainlinksneverexpand navbar plainlinks\" style=\"background:none; padding:0; font-weight:normal;; font-size:xx-small;\"><a href=\"/wiki/Predefini%C3%A7%C3%A3o:Jud%C3%B4\" title=\"Predefinição:JudÃ´\"><span title=\"Ver esta predefinição\" style=\"\">v</span></a>&#160;<span style=\"font-size:80%;\">”¢</span>&#160;<a class=\"external text\" href=\"//pt.wikipedia.org/w/index.php?title=Predefini%C3%A7%C3%A3o:Jud%C3%B4&amp;action=edit\"><span title=\"Editar esta predefinição\" style=\";\">e</span></a></div>\n</td>\n</tr>\n</table>\n<p>O JudÃ´ teve uma grande aceitação em todo o mundo, pois Kano conseguiu reunir a essência dos principais estilos e escolas de <a href=\"/wiki/Jujutsu\" title=\"Jujutsu\" class=\"mw-redirect\">jujitsu</a>, arte marcial praticada pelos \"bushi\", ou cavaleiros durante o período <a href=\"/wiki/Per%C3%ADodo_Kamakura\" title=\"Período Kamakura\">Kamakura</a> (1185-1333), a outras artes de luta praticadas no <a href=\"/wiki/Oriente\" title=\"Oriente\">Oriente</a> e fundi-las numa única e básica. O JudÃ´ foi considerado <a href=\"/wiki/Desporto\" title=\"Desporto\">desporto</a> oficial no <a href=\"/wiki/Jap%C3%A3o\" title=\"Japão\">Japão</a> nos finais do século XIX e a polícia nipÃ´nica introduziu-o nos seus treinos. O primeiro clube judoca na <a href=\"/wiki/Europa\" title=\"Europa\">Europa</a> foi o <a href=\"/wiki/Londres\" title=\"Londres\">londrino</a> <i>Budokway</i> (1918).</p>\n<p>A vestimenta utilizada nessa modalidade é o <i><a href=\"/wiki/Judogui\" title=\"Judogui\" class=\"mw-redirect\">judogi</a></i> e que, com a faixa (<i><a href=\"/wiki/Obi_(artes_marciais)\" title=\"Obi (artes marciais)\">obi</a></i>), formam o equipamento necessário Ã  sua prática. O <i>judogi</i> que é composto pelo casaco (<i>Wagi</i>), pela calça (<i>Shitabaki</i>) e também pela faixa, o judogi pode ser branco ou azul, sendo o último utilizado para facilitar as arbitragens em campeonatos e na identificação dos atletas durante as transmissÃµes de televisão (TV).</p>\n<p>Com milhares de praticantes e federaçÃµes espalhados pelo mundo, o JudÃ´ se tornou um dos esportes mais praticados, representando um nicho de mercado fiel e bem definido. Não restringindo seus adeptos a homens com vigor físico e estendendo seus ensinamentos para mulheres, crianças, idosos e pessoas com necessidades especiais, o JudÃ´ teve um aumento significativo no número de praticantes.</p>\n<p>Sua técnica utiliza basicamente a força e equilíbrio do oponente contra ele. Palavras ditas por mestre Kano para definir a luta: \"<i>arte em que se usa ao máximo a força física e espiritual</i>\". A vitória, ainda segundo seu mestre fundador, representa um fortalecimento espiritual.</p>\n<p></p>\n'),(43,'Luta olímpica','<p><br />\n<b>Luta olímpica</b> é um termo utilizado para se referir a dois tipos de esportes de combate que são disputados nos Jogos Olímpicos:'),(44,'Natação','<p><b>Natação</b> é a capacidade do <a href=\"/wiki/Homem\" title=\"Homem\">homem</a> e de outros <a href=\"/wiki/Animal\" title=\"Animal\" class=\"mw-redirect\">animais</a> de se deslocarem através de movimentos efetuados no meio <a href=\"/wiki/L%C3%ADquido\" title=\"Líquido\">líquido</a>, geralmente sem ajuda <a href=\"/w/index.php?title=Artificial&amp;action=edit&amp;redlink=1\" class=\"new\" title=\"Artificial (página não existe)\">artificial</a>. A natação é uma actividade que pode ser simultaneamente útil e <a href=\"/wiki/Lazer\" title=\"Lazer\">recreativa</a>. As suas principais utilizaçÃµes são recreativas, <a href=\"/wiki/Balne%C3%A1rio\" title=\"Balneário\">balneares</a>, <a href=\"/wiki/Pesca\" title=\"Pesca\">pesca</a>, <a href=\"/wiki/Exerc%C3%ADcio_f%C3%ADsico\" title=\"Exercício físico\">exercício</a> e <a href=\"/wiki/Desporto\" title=\"Desporto\">desporto</a>.</p>\n<p></p>\n'),(45,'Pentatlo moderno','<p><b>Pentatlo moderno</b> é um desporto olímpico praticado por homens e por mulheres, individualmente ou em equipes. Compõe-se de cinco modalidades diferentes: <a href=\"/wiki/Hipismo\" title=\"Hipismo\">hipismo</a>, esgrima, natação, tiro esportivo e corrida. É proclamado vencedor aquele que obtiver o melhor desempenho geral ao somar mais pontos. Por essa variedade de esportes, o vencedor do pentatlo é considerado o atleta mais completo.</p>'),(46,'Polo Aquático','<p>O <b>Pólo Aquático</b> é um <a href=\"/wiki/Desporto\" title=\"Desporto\">desporto</a> coletivo, semelhante no princípio básico do <a href=\"/wiki/Handebol\" title=\"Handebol\" class=\"mw-redirect\">handebol</a>. As equipes devem tentar jogar a bola dentro da baliza adversária, defendido pelo <a href=\"/wiki/Guarda-redes\" title=\"Guarda-redes\" class=\"mw-redirect\">guarda-redes</a>, mas é praticado dentro de uma <a href=\"/wiki/Piscina\" title=\"Piscina\">piscina</a>.</p>\n<div class=\"floatleft\"><a href=\"/wiki/Ficheiro:Olympic_pictogram_Water_polo.png\" class=\"image\"><img alt=\"Olympic pictogram Water polo.png\" src=\"//upload.wikimedia.org/wikipedia/commons/thumb/f/fa/Olympic_pictogram_Water_polo.png/70px-Olympic_pictogram_Water_polo.png\" width=\"70\" height=\"70\" srcset=\"//upload.wikimedia.org/wikipedia/commons/thumb/f/fa/Olympic_pictogram_Water_polo.png/105px-Olympic_pictogram_Water_polo.png 1.5x, //upload.wikimedia.org/wikipedia/commons/thumb/f/fa/Olympic_pictogram_Water_polo.png/140px-Olympic_pictogram_Water_polo.png 2x\" data-file-width=\"300\" data-file-height=\"300\" /></a></div>\n<p>O jogo foi oficialmente inventado no fim do <a href=\"/wiki/S%C3%A9culo_XIX\" title=\"Século XIX\">século XIX</a>, embora existam desportos ancestrais ao pólo aquático praticados desde o início do <a href=\"/wiki/S%C3%A9culo_XVIII\" title=\"Século XVIII\">século XVIII</a>. Era conhecido como o <i><a href=\"/wiki/Rugby\" title=\"Rugby\">rugby</a></i> aquático e junto ao futebol, foram os primeiros desportos coletivos oficiais das Olimpíadas dos tempos modernos (SILVA, 2007).</p>\n<p>As duas regras básicas oficiais são: a bola não pode ser segurada com as duas mãos juntas por qualquer jogador com exceção do guarda-redes, a bola não pode ser afundada por qualquer jogador quando atacado.</p>\n<p>Diferentemente do futebol, onde não há limite de tempo, no pólo aquático as equipes devem executar as suas jogadas em 30 segundos. O jogo é dividido em quatro partes de 8 minutos de tempo útil (o tempo pára sempre que a bola sai dos limites da piscina, um técnico ou capitão pede tempo, ocorre alguma falta, ou um dos árbitros assinala alguma coisa com o apito).</p>\n<p>Entre as melhores equipes mundiais estão a <a href=\"/wiki/Hungria\" title=\"Hungria\">Hungria</a>, <a href=\"/wiki/S%C3%A9rvia\" title=\"Sérvia\">Sérvia</a>, <a href=\"/wiki/Montenegro\" title=\"Montenegro\">Montenegro</a>, <a href=\"/wiki/Espanha\" title=\"Espanha\">Espanha</a>, <a href=\"/wiki/R%C3%BAssia\" title=\"Rússia\">Rússia</a>, <a href=\"/wiki/It%C3%A1lia\" title=\"Itália\">Itália</a>, <a href=\"/wiki/Cro%C3%A1cia\" title=\"Croácia\">Croácia</a>, entre outras. No lado feminino, temos também grande destaque para os <a href=\"/wiki/Estados_Unidos\" title=\"Estados Unidos\">Estados Unidos</a></p>\n<p></p>\n'),(47,'Rugby','<p>O <i><b>rugby</b></i>,<sup id=\"cite_ref-1\" class=\"reference\"><a href=\"#cite_note-1\"><span>[</span>1<span>]</span></a></sup> <b>râguebi</b> ou <b>rúgbi</b>, é um <a href=\"/wiki/Esporte\" title=\"Esporte\" class=\"mw-redirect\">esporte</a> coletivo de intenso contato físico. É originário da <a href=\"/wiki/Inglaterra\" title=\"Inglaterra\">Inglaterra</a>.<sup id=\"cite_ref-2\" class=\"reference\"><a href=\"#cite_note-2\"><span>[</span>2<span>]</span></a></sup> <sup id=\"cite_ref-:0_3-0\" class=\"reference\"><a href=\"#cite_note-:0-3\"><span>[</span>3<span>]</span></a></sup> Por ter sido, inicialmente, concebido como uma variação do <a href=\"/wiki/Futebol\" title=\"Futebol\">futebol</a>,<sup id=\"cite_ref-4\" class=\"reference\"><a href=\"#cite_note-4\"><span>[</span>4<span>]</span></a></sup> foi chamado anteriormente de <i>\"rugby football\"</i>.<sup id=\"cite_ref-5\" class=\"reference\"><a href=\"#cite_note-5\"><span>[</span>5<span>]</span></a></sup></p>'),(48,'Salto ornamental','<p><b>Saltos ornamentais</b> ou <b>saltos para a água</b> são os nomes dados ao conjunto de habilidades que envolve saltar de uma plataforma elevada ou trampolim em direção à <a href=\"/wiki/%C3%81gua\" title=\"Água\">água</a>, executando movimentos estéticos durante a queda. É considerado um esporte de técnica plástica e flexível. Oriundo de um movimento natural do ser humano, o ato de saltar, o esporte limita as possibilidades a uma plataforma de dez metros de altura, tendo seis quesitos avaliados.</p>'),(49,'Taekwondo','<p><br /></p>\n<table align=\"center\" class=\"noprint\" style=\"width:80%; margin:0 auto; border-collapse:collapse; background: #fbfbfb; border: 1px solid #aaa; border-left: 10px solid #f4c430;\">\n<tr>\n<td width=\"8%\" align=\"center\">\n<div style=\"width:52px;\">\n<div class=\"center\">\n<div class=\"floatnone\"><a href=\"/wiki/Ficheiro:NoFonti.svg\" class=\"image\"><img alt=\"NoFonti.svg\" src=\"//upload.wikimedia.org/wikipedia/commons/thumb/b/b5/NoFonti.svg/40px-NoFonti.svg.png\" width=\"40\" height=\"40\" srcset=\"//upload.wikimedia.org/wikipedia/commons/thumb/b/b5/NoFonti.svg/60px-NoFonti.svg.png 1.5x, //upload.wikimedia.org/wikipedia/commons/thumb/b/b5/NoFonti.svg/80px-NoFonti.svg.png 2x\" data-file-width=\"48\" data-file-height=\"48\" /></a></div>\n</div>\n</div>\n</td>\n<td width=\"91%\">Esta página ou secção <b>cita <a href=\"/wiki/Wikip%C3%A9dia:Fontes_confi%C3%A1veis\" title=\"Wikipédia:Fontes confiáveis\">fontes confiáveis</a> e <a href=\"/wiki/Wikip%C3%A9dia:Fontes_independentes\" title=\"Wikipédia:Fontes independentes\">independentes</a></b>, mas que <b><a href=\"/wiki/Wikip%C3%A9dia:Verificabilidade\" title=\"Wikipédia:Verificabilidade\">não cobrem</a> todo o conteúdo</b> <small>(desde Setembro de 2010).</small> Por favor, <span class=\"plainlinks\"><a class=\"external text\" href=\"//pt.wikipedia.org/w/index.php?title=Taekwondo&amp;action=edit\">adicione</a></span> mais referências e <a href=\"/wiki/Wikip%C3%A9dia:Livro_de_estilo/Cite_as_fontes\" title=\"Wikipédia:Livro de estilo/Cite as fontes\">insira-as corretamente</a> no texto ou no <a href=\"/wiki/Wikip%C3%A9dia:Livro_de_estilo/Refer%C3%AAncias_e_notas_de_rodap%C3%A9\" title=\"Wikipédia:Livro de estilo/Referências e notas de rodapé\">rodapé</a>. Material sem fontes poderá ser <a href=\"/wiki/Wikip%C3%A9dia:Verificabilidade#Pol.C3.ADtica_de_verificabilidade\" title=\"Wikipédia:Verificabilidade\">removido</a>.<br />\n””<small><i>Encontre fontes:</i> <span class=\"plainlinks\"><a rel=\"nofollow\" class=\"external text\" href=\"http://www.google.com/search?&amp;as_eq=wikipedia&amp;as_epq=Taekwondo\">Google</a> (<a rel=\"nofollow\" class=\"external text\" href=\"http://news.google.com/archivesearch?&amp;as_src=-newswire+-wire+-presswire+-PR+-press+-release&amp;as_epq=Taekwondo\">notícias</a>, <a rel=\"nofollow\" class=\"external text\" href=\"http://books.google.com/books?&amp;as_brr=0&amp;as_epq=Taekwondo\">livros</a> e <a rel=\"nofollow\" class=\"external text\" href=\"http://scholar.google.com/scholar?as_epq=Taekwondo\">acadêmico</a>)</span></small></td>\n<td width=\"1%\" align=\"center\"></td>\n</tr>\n</table>\n<table class=\"infobox_v2\" cellpadding=\"3\" border=\"0\" style=\"width: 23.5em; text-align: left; font-size: 84%; border-radius:2px;\">\n<tr>\n<th colspan=\"2\" class=\"\" style=\"text-align:center; font-size: 1.5em; border: solid 1px #D0D0D0; text-align:center; font-size: 1.5em; background-color:#D3D3D3; background: -moz-linear-gradient(top, #EFEFEF 0%, #E3E3E3 50%, #D1D1D1 51%, #E7E7E7 100%); background: -webkit-linear-gradient(top, #EFEFEF 0%,#E3E3E3 50%,#D1D1D1 51%,#E7E7E7 100%); line-height:1.2em; padding: 3px;\"><span class=\"\"><i>Taekwondo</i></span></th>\n</tr>\n<tr>\n<td colspan=\"2\" style=\"text-align:center;\">\n<div class=\"center\">\n<div class=\"floatnone\"><a href=\"/wiki/Ficheiro:Taekwondo_Fight_01.jpg\" class=\"image\"><img alt=\"\" src=\"//upload.wikimedia.org/wikipedia/commons/thumb/c/c8/Taekwondo_Fight_01.jpg/200px-Taekwondo_Fight_01.jpg\" width=\"200\" height=\"300\" srcset=\"//upload.wikimedia.org/wikipedia/commons/thumb/c/c8/Taekwondo_Fight_01.jpg/300px-Taekwondo_Fight_01.jpg 1.5x, //upload.wikimedia.org/wikipedia/commons/thumb/c/c8/Taekwondo_Fight_01.jpg/400px-Taekwondo_Fight_01.jpg 2x\" data-file-width=\"667\" data-file-height=\"1000\" /></a></div>\n</div>\n<small>Combate de <i>taekwondo</i></small></td>\n</tr>\n<tr>\n<th colspan=\"2\" style=\"text-align:center; border: solid 1px #D0D0D0; background-color:#D3D3D3; background: -moz-linear-gradient(top, #EFEFEF 0%, #E3E3E3 50%, #D1D1D1 51%, #E7E7E7 100%); background: -webkit-linear-gradient(top, #EFEFEF 0%,#E3E3E3 50%,#D1D1D1 51%,#E7E7E7 100%); text-align: center;\">Informação geral</th>\n</tr>\n<tr>\n<td scope=\"row\" style=\"vertical-align: top; text-align: left; text-align:left;\">Prática</td>\n<td style=\"vertical-align: top; text-align: left;\"><a href=\"/wiki/Desporto_de_combate\" title=\"Desporto de combate\" class=\"mw-redirect\">Desporto de combate</a>; <a href=\"/wiki/Arte_marcial\" title=\"Arte marcial\" class=\"mw-redirect\">arte marcial</a></td>\n</tr>\n<tr>\n<td scope=\"row\" style=\"vertical-align: top; text-align: left; text-align:left;\">Foco</td>\n<td style=\"vertical-align: top; text-align: left;\"><a href=\"/wiki/Golpe_(artes_marciais)\" title=\"Golpe (artes marciais)\" class=\"mw-redirect\">Golpes</a></td>\n</tr>\n<tr>\n<th colspan=\"2\" style=\"text-align:center; border: solid 1px #D0D0D0; background-color:#D3D3D3; background: -moz-linear-gradient(top, #EFEFEF 0%, #E3E3E3 50%, #D1D1D1 51%, #E7E7E7 100%); background: -webkit-linear-gradient(top, #EFEFEF 0%,#E3E3E3 50%,#D1D1D1 51%,#E7E7E7 100%); text-align: center;\">Outras informaçÃµes</th>\n</tr>\n<tr>\n<td scope=\"row\" style=\"vertical-align: top; text-align: left; text-align:left;\">Esporte olímpico</td>\n<td style=\"vertical-align: top; text-align: left;\">Desde <a href=\"/wiki/Taekwondo_nos_Jogos_Ol%C3%ADmpicos_de_Ver%C3%A3o_de_2000\" title=\"Taekwondo nos Jogos Olímpicos de Verão de 2000\">2000</a></td>\n</tr>\n<tr>\n<td colspan=\"2\" style=\"text-align:center; border: solid 1px #D0D0D0; background-color:#D3D3D3; background: -moz-linear-gradient(top, #EFEFEF 0%, #E3E3E3 50%, #D1D1D1 51%, #E7E7E7 100%); background: -webkit-linear-gradient(top, #EFEFEF 0%,#E3E3E3 50%,#D1D1D1 51%,#E7E7E7 100%); text-align: center;\"><b><a href=\"/wiki/Cronologia_das_artes_marciais\" title=\"Cronologia das artes marciais\">Cronologia das artes marciais</a></b> <span style=\"font-weight:bold;\">&#160;Â·</span> <b><a href=\"/wiki/Lista_de_artes_marciais\" title=\"Lista de artes marciais\">Lista de artes marciais</a></b> <span style=\"font-weight:bold;\">&#160;Â·</span> <b><a href=\"/wiki/Wikip%C3%A9dia:Projetos/Artes_marciais\" title=\"Wikipédia:Projetos/Artes marciais\">Projeto Artes Marciais</a></b></td>\n</tr>\n</table>\n<p><i>'),(50,'Ténis','<p><span class=\"no-conversion\"><b><span lang=\"pt-pt\" xml:lang=\"pt-pt\">Ténis</span></b> <sup>(<a href=\"/wiki/Portugu%C3%AAs_europeu\" title=\"Português europeu\">português europeu</a>)</sup> ou <b><span lang=\"pt-br\" xml:lang=\"pt-br\">tênis</span></b> <sup>(<a href=\"/wiki/Portugu%C3%AAs_brasileiro\" title=\"Português brasileiro\">português brasileiro</a>)</sup></span> é um <a href=\"/wiki/Esporte\" title=\"Esporte\" class=\"mw-redirect\">esporte</a> de origem <a href=\"/wiki/Inglaterra\" title=\"Inglaterra\">inglesa</a>, disputado em quadras geralmente abertas e de superfícies sintéticas, cimento, <a href=\"/wiki/Saibro\" title=\"Saibro\">saibro</a> ou relva. Participam no jogo dois oponentes ou duas duplas de oponentes, podendo ser mistas (homens e mulheres) ou não. A quadra é dividida em duas meia-quadras por uma rede, e o objetivo do jogo é rebater uma pequena <a href=\"/wiki/Bola_de_t%C3%A9nis\" title=\"Bola de ténis\" class=\"mw-redirect\">bola</a> para além da rede (para a meia-quadra adversária) com ajuda de uma <a href=\"/wiki/Raquete\" title=\"Raquete\">raquete</a>.</p>\n<p>Para marcar um ponto é preciso que a bola toque no solo em qualquer parte dentro da quadra adversária incluindo o alvado do oponente, fazendo com que o adversário não consiga devolver a bola antes do segundo toque, ou que a devolva para fora dos limites da outra meia-quadra. O desporto assim possui aspectos de <i>ataque</i> (rebater bem a bola, dificultando a devolução do adversário) e defesa (bom posicionamento em quadra, antecipação do lance adversário etc).</p>\n<p>O tênis possui um intricado sistema de pontuação, que subdivide o jogo em <i>games</i>/jogos<sup><a href=\"/wiki/Portugu%C3%AAs_europeu\" title=\"Português europeu\">pt</a></sup> e <i>sets</i>/partidas<sup>pt</sup>. Grosso modo, um <i>game</i> é um conjunto de pontos (15-30-40-game) e um <i>set</i> é um conjunto de <i>games</i> (1-2-3-4-5-set). Cada <i>game</i> tem um jogador responsável por recolocar a bola em jogo: fazer o serviço ou sacar. No tênis de competição, é comum que o jogador que serve fature o <i>game</i>, já que tem a vantagem do ataque e dita o ritmo do jogo. Desta forma, uma das estratégias de jogo é tentar inverter esta vantagem durante a troca de bola ou durante a defesa fazer com que o adversário, através de erros, perca os <i>games</i> em que está sacando. Ganha o jogo<sup><a href=\"/wiki/Portugu%C3%AAs_brasileiro\" title=\"Português brasileiro\">br</a></sup>/encontro<sup>pt</sup> aquele que atingir um número de <i>sets</i> pré-definido - geralmente 2 <i>sets</i>, sendo de 3 <i>sets</i> para os grandes torneios masculinos.</p>\n<p></p>\n'),(51,'Tênis de Mesa','<p></p>\n'),(52,'Tiro com Arco','<p>O <b>tiro desportivo</b> ou <b>tiro esportivo</b> é uma modalidade <a href=\"/wiki/Desporto\" title=\"Desporto\">esportiva</a> que envolve teste de precisão e velocidade no manejo de uma <a href=\"/wiki/Arma_de_fogo\" title=\"Arma de fogo\">arma de fogo</a>.</p>\n'),(53,'Tiro desportivo','<p>O <b>tiro desportivo</b> ou <b>tiro esportivo</b> é uma modalidade <a href=\"/wiki/Desporto\" title=\"Desporto\">esportiva</a> que envolve teste de precisão e velocidade no manejo de uma <a href=\"/wiki/Arma_de_fogo\" title=\"Arma de fogo\">arma de fogo</a>.'),(54,'Voleibol','<p><br /></p>\n<table class=\"infobox_v2\" cellpadding=\"3\" border=\"0\" style=\"width: 25em; text-align: left; font-size: 88%\">\n<tr>\n<th colspan=\"2\" class=\"topo padrao\" style=\"background-color:transparent;\"><span class=\"\">Voleibol</span></th>\n</tr>\n<tr>\n<td colspan=\"2\" style=\"text-align:center;\">\n<div class=\"center\">\n<div class=\"floatnone\"><a href=\"/wiki/Ficheiro:Europei_di_pallavolo_2005_-_Italia-Russia.jpg\" class=\"image\"><img alt=\"\" src=\"//upload.wikimedia.org/wikipedia/commons/thumb/8/8c/Europei_di_pallavolo_2005_-_Italia-Russia.jpg/200px-Europei_di_pallavolo_2005_-_Italia-Russia.jpg\" width=\"200\" height=\"150\" srcset=\"//upload.wikimedia.org/wikipedia/commons/thumb/8/8c/Europei_di_pallavolo_2005_-_Italia-Russia.jpg/300px-Europei_di_pallavolo_2005_-_Italia-Russia.jpg 1.5x, //upload.wikimedia.org/wikipedia/commons/thumb/8/8c/Europei_di_pallavolo_2005_-_Italia-Russia.jpg/400px-Europei_di_pallavolo_2005_-_Italia-Russia.jpg 2x\" data-file-width=\"2000\" data-file-height=\"1500\" /></a></div>\n</div>\n<small>Um jogo de voleibol <a href=\"/wiki/It%C3%A1lia\" title=\"Itália\">Itália</a> <i>vs</i> <a href=\"/wiki/R%C3%BAssia\" title=\"Rússia\">Rússia</a>.</small></td>\n</tr>\n<tr>\n<td scope=\"row\" style=\"vertical-align: top; text-align: left;\"><a href=\"/wiki/Desporto_ol%C3%ADmpico\" title=\"Desporto olímpico\">Olímpico</a> desde</td>\n<td style=\"vertical-align: top; text-align: left;\"><a href=\"/wiki/Jogos_Ol%C3%ADmpicos_de_Ver%C3%A3o_de_1964\" title=\"Jogos Olímpicos de Verão de 1964\">1964</a> H/S</td>\n</tr>\n<tr>\n<td scope=\"row\" style=\"vertical-align: top; text-align: left;\"><a href=\"/wiki/Desporto\" title=\"Desporto\">Desporto</a></td>\n<td style=\"vertical-align: top; text-align: left;\">Voleibol</td>\n</tr>\n<tr>\n<td scope=\"row\" style=\"vertical-align: top; text-align: left;\">Praticado por</td>\n<td style=\"vertical-align: top; text-align: left;\">Ambos os sexos</td>\n</tr>\n<tr>\n<th colspan=\"2\" style=\"text-align:center; text-align:center;\"><a href=\"/wiki/Jogos_Ol%C3%ADmpicos_de_Ver%C3%A3o_de_2012\" title=\"Jogos Olímpicos de Verão de 2012\">Campeão olímpico</a></th>\n</tr>\n<tr>\n<td scope=\"row\" style=\"vertical-align: top; text-align: left;\">Homens</td>\n<td style=\"vertical-align: top; text-align: left;\"><img alt=\"\" src=\"//upload.wikimedia.org/wikipedia/commons/thumb/f/f3/Flag_of_Russia.svg/22px-Flag_of_Russia.svg.png\" width=\"22\" height=\"15\" class=\"thumbborder\" srcset=\"//upload.wikimedia.org/wikipedia/commons/thumb/f/f3/Flag_of_Russia.svg/33px-Flag_of_Russia.svg.png 1.5x, //upload.wikimedia.org/wikipedia/commons/thumb/f/f3/Flag_of_Russia.svg/44px-Flag_of_Russia.svg.png 2x\" data-file-width=\"900\" data-file-height=\"600\" />&#160;<a href=\"/wiki/R%C3%BAssia\" title=\"Rússia\">Rússia</a></td>\n</tr>\n<tr>\n<td scope=\"row\" style=\"vertical-align: top; text-align: left;\">Mulheres</td>\n<td style=\"vertical-align: top; text-align: left;\"><span class=\"flagicon\"><img alt=\"\" src=\"//upload.wikimedia.org/wikipedia/commons/thumb/0/05/Flag_of_Brazil.svg/22px-Flag_of_Brazil.svg.png\" width=\"22\" height=\"15\" class=\"thumbborder\" srcset=\"//upload.wikimedia.org/wikipedia/commons/thumb/0/05/Flag_of_Brazil.svg/33px-Flag_of_Brazil.svg.png 1.5x, //upload.wikimedia.org/wikipedia/commons/thumb/0/05/Flag_of_Brazil.svg/44px-Flag_of_Brazil.svg.png 2x\" data-file-width=\"720\" data-file-height=\"504\" />&#160;</span><a href=\"/wiki/Brasil\" title=\"Brasil\">Brasil</a></td>\n</tr>\n<tr>\n<th colspan=\"2\" style=\"text-align:center; text-align:center;\">Campeão mundial</th>\n</tr>\n<tr>\n<td scope=\"row\" style=\"vertical-align: top; text-align: left;\">Homens</td>\n<td style=\"vertical-align: top; text-align: left;\"><img alt=\"\" src=\"//upload.wikimedia.org/wikipedia/commons/thumb/1/12/Flag_of_Poland.svg/20px-Flag_of_Poland.svg.png\" width=\"20\" height=\"13\" class=\"thumbborder\" srcset=\"//upload.wikimedia.org/wikipedia/commons/thumb/1/12/Flag_of_Poland.svg/30px-Flag_of_Poland.svg.png 1.5x, //upload.wikimedia.org/wikipedia/commons/thumb/1/12/Flag_of_Poland.svg/40px-Flag_of_Poland.svg.png 2x\" data-file-width=\"1280\" data-file-height=\"800\" />&#160;<a href=\"/wiki/Pol%C3%B3nia\" title=\"Polónia\">Polónia</a></td>\n</tr>\n<tr>\n<td scope=\"row\" style=\"vertical-align: top; text-align: left;\">Mulheres</td>\n<td style=\"vertical-align: top; text-align: left;\"><img alt=\"\" src=\"//upload.wikimedia.org/wikipedia/commons/thumb/a/a4/Flag_of_the_United_States.svg/22px-Flag_of_the_United_States.svg.png\" width=\"22\" height=\"12\" class=\"thumbborder\" srcset=\"//upload.wikimedia.org/wikipedia/commons/thumb/a/a4/Flag_of_the_United_States.svg/33px-Flag_of_the_United_States.svg.png 1.5x, //upload.wikimedia.org/wikipedia/commons/thumb/a/a4/Flag_of_the_United_States.svg/44px-Flag_of_the_United_States.svg.png 2x\" data-file-width=\"1235\" data-file-height=\"650\" />&#160;<a href=\"/wiki/Estados_Unidos\" title=\"Estados Unidos\">Estados Unidos</a></td>\n</tr>\n</table>\n<p>'),(55,'Voleibol Paralímpico','<p>O <b>Voleibol para atletas com deficiência</b> entrou nos <a href=\"/wiki/Jogos_Paraol%C3%ADmpicos\" title=\"Jogos Paraolímpicos\">Jogos Paraolímpicos</a> como <a href=\"/wiki/Desporto\" title=\"Desporto\">desporto</a> de \"demonstração\" para <a href=\"/wiki/Amputado\" title=\"Amputado\" class=\"mw-redirect\">amputados</a> em <a href=\"/wiki/1976\" title=\"1976\">1976</a>, em <a href=\"/wiki/Toronto\" title=\"Toronto\">Toronto</a>, no <a href=\"/wiki/Canad%C3%A1\" title=\"Canadá\">Canadá</a>.</p>\n<p></p>\n');
/*!40000 ALTER TABLE `modalidades` ENABLE KEYS */;
UNLOCK TABLES;

--
-- Table structure for table `user`
--

DROP TABLE IF EXISTS `user`;
/*!40101 SET @saved_cs_client     = @@character_set_client */;
/*!40101 SET character_set_client = utf8 */;
CREATE TABLE `user` (
  `id_user` bigint(20) NOT NULL AUTO_INCREMENT,
  `nome` varchar(255) NOT NULL,
  `email` varchar(255) NOT NULL,
  `pw` varchar(255) NOT NULL,
  PRIMARY KEY (`id_user`)
) ENGINE=InnoDB AUTO_INCREMENT=2 DEFAULT CHARSET=latin1;
/*!40101 SET character_set_client = @saved_cs_client */;

--
-- Dumping data for table `user`
--

LOCK TABLES `user` WRITE;
/*!40000 ALTER TABLE `user` DISABLE KEYS */;
INSERT INTO `user` VALUES (1,'Rafael','rafaelsantos_2009_@hotmail.com','123456');
/*!40000 ALTER TABLE `user` ENABLE KEYS */;
UNLOCK TABLES;
/*!40103 SET TIME_ZONE=@OLD_TIME_ZONE */;

/*!40101 SET SQL_MODE=@OLD_SQL_MODE */;
/*!40014 SET FOREIGN_KEY_CHECKS=@OLD_FOREIGN_KEY_CHECKS */;
/*!40014 SET UNIQUE_CHECKS=@OLD_UNIQUE_CHECKS */;
/*!40101 SET CHARACTER_SET_CLIENT=@OLD_CHARACTER_SET_CLIENT */;
/*!40101 SET CHARACTER_SET_RESULTS=@OLD_CHARACTER_SET_RESULTS */;
/*!40101 SET COLLATION_CONNECTION=@OLD_COLLATION_CONNECTION */;
/*!40111 SET SQL_NOTES=@OLD_SQL_NOTES */;

-- Dump completed on 2015-11-25 13:10:22
